
INSERT INTO working_form(working_form_id,working_form_name) VALUES (1,"正社員");
INSERT INTO working_form(working_form_id,working_form_name) VALUES (2,"正社員(時短)");
INSERT INTO working_form(working_form_id,working_form_name) VALUES (3,"パート");

INSERT INTO employee(employee_id,last_name,first_name,roman_last_name,roman_first_name,birthday,age,gender,phone_number,email,employment_date,working_form_id) VALUES (1,"佐藤","一郎","Sato","Ichiro","1957/07/29",64,"男","090-1111-1111","sato@hoge.com","2020/01/01",1);
INSERT INTO employee(employee_id,last_name,first_name,roman_last_name,roman_first_name,birthday,age,gender,phone_number,email,employment_date,working_form_id) VALUES (2,"鈴木","二郎","Suzuki","Ziro","1948/12/06",73,"男","090-2222-2222","suzuki@hoge.com","2020/02/01",2);
INSERT INTO employee(employee_id,last_name,first_name,roman_last_name,roman_first_name,birthday,age,gender,phone_number,email,employment_date,working_form_id) VALUES (3,"高橋","三郎","Takahashi","Saburo","1954/09/21",67,"男","090-3333-3333","takahashi@hoge.com","2020/03/01",1);
INSERT INTO employee(employee_id,last_name,first_name,roman_last_name,roman_first_name,birthday,age,gender,phone_number,email,employment_date,working_form_id) VALUES (4,"田中","四郎","Tanaka","Shiro","1957/05/20",65,"男","090-4444-4444","tanaka@hoge.com","2020/04/01",1);
INSERT INTO employee(employee_id,last_name,first_name,roman_last_name,roman_first_name,birthday,age,gender,phone_number,email,employment_date,working_form_id) VALUES (5,"伊藤","五郎","Tanaka","Goro","1946/10/10",75,"男","090-5555-5555","ito@hoge.com","2020/05/01",3);
INSERT INTO employee(employee_id,last_name,first_name,roman_last_name,roman_first_name,birthday,age,gender,phone_number,email,employment_date,working_form_id) VALUES (6,"渡辺","六郎","Watanabe","Rokuro","1947/02/11",75,"男","090-6666-6666","watanabe@hoge.com","2020/06/01",1);
INSERT INTO employee(employee_id,last_name,first_name,roman_last_name,roman_first_name,birthday,age,gender,phone_number,email,employment_date,working_form_id) VALUES (7,"山本","七郎","Yamamoto","Shichiro","1940/09/20",81,"男","090-7777-7777","yamamoto@hoge.com","2020/07/01",2);
INSERT INTO employee(employee_id,last_name,first_name,roman_last_name,roman_first_name,birthday,age,gender,phone_number,email,employment_date,working_form_id) VALUES (8,"中村","八郎","Nakamura","Hachiro","1936/07/16",85,"男","090-8888-8888","nakamura@hoge.com","2020/08/01",1);
INSERT INTO employee(employee_id,last_name,first_name,roman_last_name,roman_first_name,birthday,age,gender,phone_number,email,employment_date,working_form_id) VALUES (9,"小林","九郎","Kobayashi","Kuro","1942/01/08",80,"男","090-9999-9999","kobayashi@hoge.com","2020/09/01",3);
INSERT INTO employee(employee_id,last_name,first_name,roman_last_name,roman_first_name,birthday,age,gender,phone_number,email,employment_date,working_form_id) VALUES (10,"加藤","十郎","Kato","Zyuro","1937/07/14",84,"男","090-0000-0000","kato@hoge.com","2020/10/01",1);

INSERT INTO security(employee_id,password,authority) VALUES (1,"246f639d0c6085f5ab79e649cfc8c7fa9a2f2ab1bdca073caf964cedd1409798c874f130df66d5f41be8a0757e3149f58432f80e339e399b5eca91dae8e432bc","admin");
INSERT INTO security(employee_id,password,authority) VALUES (2,"2c8865ab74a07a85e2a157d4ecf9fa466fa2216ea07abfff57c24ee5ad6cf3bf314efbdc87f0b8a6215246f8b655d9b076ae05ad7e85d3544ad92bf7b57fae79","employee");
INSERT INTO security(employee_id,password,authority) VALUES (3,"aa53c28524042bb395b4d94e291942ec901f5c9a86be146f1ef33eee4338562894bb427dfa5dad90d8cedbb0ad4d03071b3d45a69be458518c8ad3c79ca6e4f2","employee");
INSERT INTO security(employee_id,password,authority) VALUES (4,"ab4ee314684449d402bd0feb7116eb4f00f4ff70da9847ebcc885e8331269e782e48f60d3d37b4f965c9cf8f103258d3876b9b946eef881255aeb0e503b7360a","employee");
INSERT INTO security(employee_id,password,authority) VALUES (5,"bf3376293d8d2d7240aa5252980564198bd3da8661f2572f5893c617ef1945d7965c8520edf7456fbddd92d8aa02d117deb90517ca24ba7a0423282a170e42c5","employee");
INSERT INTO security(employee_id,password,authority) VALUES (6,"a0e9cf7fe3bc9b32f3ea8016716dc83b4db196c6ee19a71fbddc7a9c813ad46debbc2ecff958ec14d9cafa0175493efd12d61b3f517ed22fd4f2062fa6ba191c","employee");
INSERT INTO security(employee_id,password,authority) VALUES (7,"db68a874b2c66386d1117044da7f3c8c6cbaff5bc9d89208d749aed378e7e3c1a8e31a789bf1f718de64bfa8203b9138b75b9897865f09f0969964e809b61804","employee");
INSERT INTO security(employee_id,password,authority) VALUES (8,"ea96635ea8260fa35aa7d3c3e30fad800e400ca37ea0c7d61d6eb1c04f9050d07ac9ce05f70f811b1a727be19d56ca5824fc32ad9a517e3b0e9498a224bc2eca","employee");
INSERT INTO security(employee_id,password,authority) VALUES (9,"486cd94202cfd5b727bf2774ef71a37580d44b421300a16d2494162c14a1b9f3ff2add261888780f759f50f81d324477ab7ba5c9a070fea0e00a359f4ac5cc69","employee");
INSERT INTO security(employee_id,password,authority) VALUES (10,"3d74f7ee6575a54b5933f13195458b7dcc152d872b8dcf82ba62619ed70959cbf6dd4c4dcdbb7ab21e18372a117cd5ff6ba26456e4b79d0f99647ee7826b9971","employee");

INSERT INTO vacation_request(request_id,employee_id,request_date) VALUES (1,1,"2022/07/08");
INSERT INTO vacation_request(request_id,employee_id,request_date) VALUES (2,1,"2022/07/19");
INSERT INTO vacation_request(request_id,employee_id,request_date) VALUES (3,2,"2022/07/13");
INSERT INTO vacation_request(request_id,employee_id,request_date) VALUES (4,2,"2022/07/14");
INSERT INTO vacation_request(request_id,employee_id,request_date) VALUES (5,2,"2022/07/15");
INSERT INTO vacation_request(request_id,employee_id,request_date) VALUES (6,4,"2022/07/28");
INSERT INTO vacation_request(request_id,employee_id,request_date) VALUES (7,5,"2022/07/25");
INSERT INTO vacation_request(request_id,employee_id,request_date) VALUES (8,5,"2022/07/26");
INSERT INTO vacation_request(request_id,employee_id,request_date) VALUES (9,6,"2022/07/05");
INSERT INTO vacation_request(request_id,employee_id,request_date) VALUES (10,6,"2022/07/12");
INSERT INTO vacation_request(request_id,employee_id,request_date) VALUES (11,6,"2022/07/19");
INSERT INTO vacation_request(request_id,employee_id,request_date) VALUES (12,7,"2022/07/01");
INSERT INTO vacation_request(request_id,employee_id,request_date) VALUES (13,7,"2022/07/11");
INSERT INTO vacation_request(request_id,employee_id,request_date) VALUES (14,8,"2022/07/06");
INSERT INTO vacation_request(request_id,employee_id,request_date) VALUES (15,8,"2022/07/13");
INSERT INTO vacation_request(request_id,employee_id,request_date) VALUES (16,8,"2022/07/20");
INSERT INTO vacation_request(request_id,employee_id,request_date) VALUES (17,8,"2022/07/27");
INSERT INTO vacation_request(request_id,employee_id,request_date) VALUES (18,9,"2022/07/15");
INSERT INTO vacation_request(request_id,employee_id,request_date) VALUES (19,10,"2022/07/04");
INSERT INTO vacation_request(request_id,employee_id,request_date) VALUES (20,10,"2022/07/05");
INSERT INTO vacation_request(request_id,employee_id,request_date) VALUES (21,1,"2022/08/12");
INSERT INTO vacation_request(request_id,employee_id,request_date) VALUES (22,1,"2022/08/15");
INSERT INTO vacation_request(request_id,employee_id,request_date) VALUES (23,2,"2022/08/01");
INSERT INTO vacation_request(request_id,employee_id,request_date) VALUES (24,2,"2022/08/08");
INSERT INTO vacation_request(request_id,employee_id,request_date) VALUES (25,2,"2022/08/15");
INSERT INTO vacation_request(request_id,employee_id,request_date) VALUES (26,4,"2022/08/19");
INSERT INTO vacation_request(request_id,employee_id,request_date) VALUES (27,5,"2022/08/17");
INSERT INTO vacation_request(request_id,employee_id,request_date) VALUES (28,5,"2022/08/18");
INSERT INTO vacation_request(request_id,employee_id,request_date) VALUES (29,6,"2022/08/10");
INSERT INTO vacation_request(request_id,employee_id,request_date) VALUES (30,6,"2022/08/17");
INSERT INTO vacation_request(request_id,employee_id,request_date) VALUES (31,6,"2022/08/24");
INSERT INTO vacation_request(request_id,employee_id,request_date) VALUES (32,7,"2022/08/22");
INSERT INTO vacation_request(request_id,employee_id,request_date) VALUES (33,7,"2022/08/29");
INSERT INTO vacation_request(request_id,employee_id,request_date) VALUES (34,8,"2022/08/15");
INSERT INTO vacation_request(request_id,employee_id,request_date) VALUES (35,8,"2022/08/16");
INSERT INTO vacation_request(request_id,employee_id,request_date) VALUES (36,8,"2022/08/17");
INSERT INTO vacation_request(request_id,employee_id,request_date) VALUES (37,8,"2022/08/18");
INSERT INTO vacation_request(request_id,employee_id,request_date) VALUES (38,9,"2022/08/05");
INSERT INTO vacation_request(request_id,employee_id,request_date) VALUES (39,10,"2022/08/09");
INSERT INTO vacation_request(request_id,employee_id,request_date) VALUES (40,10,"2022/08/10");


INSERT INTO shift_pattern(shift_pattern_id,shift_pattern_name,start_time,end_time) VALUES (1,"A","0715","1615");
INSERT INTO shift_pattern(shift_pattern_id,shift_pattern_name,start_time,end_time) VALUES (2,"B","0800","1700");
INSERT INTO shift_pattern(shift_pattern_id,shift_pattern_name,start_time,end_time) VALUES (3,"C","0830","1730");
INSERT INTO shift_pattern(shift_pattern_id,shift_pattern_name,start_time,end_time) VALUES (4,"D","0930","1830");
INSERT INTO shift_pattern(shift_pattern_id,shift_pattern_name) VALUES (5,"休み");

INSERT INTO shift(employee_id,date,shift_pattern_id,confirmation) VALUES (1,"2022/04/01",2,"Y");
INSERT INTO shift(employee_id,date,shift_pattern_id,confirmation) VALUES (1,"2022/04/02",5,"Y");
INSERT INTO shift(employee_id,date,shift_pattern_id,confirmation) VALUES (1,"2022/04/03",5,"Y");
INSERT INTO shift(employee_id,date,shift_pattern_id,confirmation) VALUES (1,"2022/04/04",2,"Y");
INSERT INTO shift(employee_id,date,shift_pattern_id,confirmation) VALUES (1,"2022/04/05",2,"Y");
INSERT INTO shift(employee_id,date,shift_pattern_id,confirmation) VALUES (1,"2022/04/06",2,"Y");
INSERT INTO shift(employee_id,date,shift_pattern_id,confirmation) VALUES (1,"2022/04/07",2,"Y");
INSERT INTO shift(employee_id,date,shift_pattern_id,confirmation) VALUES (1,"2022/04/08",2,"Y");
INSERT INTO shift(employee_id,date,shift_pattern_id,confirmation) VALUES (1,"2022/04/09",5,"Y");
INSERT INTO shift(employee_id,date,shift_pattern_id,confirmation) VALUES (1,"2022/04/10",5,"Y");
INSERT INTO shift(employee_id,date,shift_pattern_id,confirmation) VALUES (1,"2022/04/11",2,"Y");
INSERT INTO shift(employee_id,date,shift_pattern_id,confirmation) VALUES (1,"2022/04/12",2,"Y");
INSERT INTO shift(employee_id,date,shift_pattern_id,confirmation) VALUES (1,"2022/04/13",2,"Y");
INSERT INTO shift(employee_id,date,shift_pattern_id,confirmation) VALUES (1,"2022/04/14",2,"Y");
INSERT INTO shift(employee_id,date,shift_pattern_id,confirmation) VALUES (1,"2022/04/15",2,"Y");
INSERT INTO shift(employee_id,date,shift_pattern_id,confirmation) VALUES (1,"2022/04/16",5,"Y");
INSERT INTO shift(employee_id,date,shift_pattern_id,confirmation) VALUES (1,"2022/04/17",5,"Y");
INSERT INTO shift(employee_id,date,shift_pattern_id,confirmation) VALUES (1,"2022/04/18",2,"Y");
INSERT INTO shift(employee_id,date,shift_pattern_id,confirmation) VALUES (1,"2022/04/19",2,"Y");
INSERT INTO shift(employee_id,date,shift_pattern_id,confirmation) VALUES (1,"2022/04/20",2,"Y");
INSERT INTO shift(employee_id,date,shift_pattern_id,confirmation) VALUES (1,"2022/04/21",2,"Y");
INSERT INTO shift(employee_id,date,shift_pattern_id,confirmation) VALUES (1,"2022/04/22",2,"Y");
INSERT INTO shift(employee_id,date,shift_pattern_id,confirmation) VALUES (1,"2022/04/23",5,"Y");
INSERT INTO shift(employee_id,date,shift_pattern_id,confirmation) VALUES (1,"2022/04/24",5,"Y");
INSERT INTO shift(employee_id,date,shift_pattern_id,confirmation) VALUES (1,"2022/04/25",2,"Y");
INSERT INTO shift(employee_id,date,shift_pattern_id,confirmation) VALUES (1,"2022/04/26",2,"Y");
INSERT INTO shift(employee_id,date,shift_pattern_id,confirmation) VALUES (1,"2022/04/27",2,"Y");
INSERT INTO shift(employee_id,date,shift_pattern_id,confirmation) VALUES (1,"2022/04/28",2,"Y");
INSERT INTO shift(employee_id,date,shift_pattern_id,confirmation) VALUES (1,"2022/04/29",5,"Y");
INSERT INTO shift(employee_id,date,shift_pattern_id,confirmation) VALUES (1,"2022/04/30",5,"Y");
INSERT INTO shift(employee_id,date,shift_pattern_id,confirmation) VALUES (2,"2022/04/01",2,"Y");
INSERT INTO shift(employee_id,date,shift_pattern_id,confirmation) VALUES (2,"2022/04/02",5,"Y");
INSERT INTO shift(employee_id,date,shift_pattern_id,confirmation) VALUES (2,"2022/04/03",5,"Y");
INSERT INTO shift(employee_id,date,shift_pattern_id,confirmation) VALUES (2,"2022/04/04",2,"Y");
INSERT INTO shift(employee_id,date,shift_pattern_id,confirmation) VALUES (2,"2022/04/05",2,"Y");
INSERT INTO shift(employee_id,date,shift_pattern_id,confirmation) VALUES (2,"2022/04/06",2,"Y");
INSERT INTO shift(employee_id,date,shift_pattern_id,confirmation) VALUES (2,"2022/04/07",2,"Y");
INSERT INTO shift(employee_id,date,shift_pattern_id,confirmation) VALUES (2,"2022/04/08",2,"Y");
INSERT INTO shift(employee_id,date,shift_pattern_id,confirmation) VALUES (2,"2022/04/09",5,"Y");
INSERT INTO shift(employee_id,date,shift_pattern_id,confirmation) VALUES (2,"2022/04/10",5,"Y");
INSERT INTO shift(employee_id,date,shift_pattern_id,confirmation) VALUES (2,"2022/04/11",2,"Y");
INSERT INTO shift(employee_id,date,shift_pattern_id,confirmation) VALUES (2,"2022/04/12",2,"Y");
INSERT INTO shift(employee_id,date,shift_pattern_id,confirmation) VALUES (2,"2022/04/13",2,"Y");
INSERT INTO shift(employee_id,date,shift_pattern_id,confirmation) VALUES (2,"2022/04/14",2,"Y");
INSERT INTO shift(employee_id,date,shift_pattern_id,confirmation) VALUES (2,"2022/04/15",2,"Y");
INSERT INTO shift(employee_id,date,shift_pattern_id,confirmation) VALUES (2,"2022/04/16",5,"Y");
INSERT INTO shift(employee_id,date,shift_pattern_id,confirmation) VALUES (2,"2022/04/17",5,"Y");
INSERT INTO shift(employee_id,date,shift_pattern_id,confirmation) VALUES (2,"2022/04/18",2,"Y");
INSERT INTO shift(employee_id,date,shift_pattern_id,confirmation) VALUES (2,"2022/04/19",2,"Y");
INSERT INTO shift(employee_id,date,shift_pattern_id,confirmation) VALUES (2,"2022/04/20",2,"Y");
INSERT INTO shift(employee_id,date,shift_pattern_id,confirmation) VALUES (2,"2022/04/21",2,"Y");
INSERT INTO shift(employee_id,date,shift_pattern_id,confirmation) VALUES (2,"2022/04/22",2,"Y");
INSERT INTO shift(employee_id,date,shift_pattern_id,confirmation) VALUES (2,"2022/04/23",5,"Y");
INSERT INTO shift(employee_id,date,shift_pattern_id,confirmation) VALUES (2,"2022/04/24",5,"Y");
INSERT INTO shift(employee_id,date,shift_pattern_id,confirmation) VALUES (2,"2022/04/25",2,"Y");
INSERT INTO shift(employee_id,date,shift_pattern_id,confirmation) VALUES (2,"2022/04/26",2,"Y");
INSERT INTO shift(employee_id,date,shift_pattern_id,confirmation) VALUES (2,"2022/04/27",2,"Y");
INSERT INTO shift(employee_id,date,shift_pattern_id,confirmation) VALUES (2,"2022/04/28",2,"Y");
INSERT INTO shift(employee_id,date,shift_pattern_id,confirmation) VALUES (2,"2022/04/29",5,"Y");
INSERT INTO shift(employee_id,date,shift_pattern_id,confirmation) VALUES (2,"2022/04/30",5,"Y");
INSERT INTO shift(employee_id,date,shift_pattern_id,confirmation) VALUES (3,"2022/04/01",2,"Y");
INSERT INTO shift(employee_id,date,shift_pattern_id,confirmation) VALUES (3,"2022/04/02",5,"Y");
INSERT INTO shift(employee_id,date,shift_pattern_id,confirmation) VALUES (3,"2022/04/03",5,"Y");
INSERT INTO shift(employee_id,date,shift_pattern_id,confirmation) VALUES (3,"2022/04/04",2,"Y");
INSERT INTO shift(employee_id,date,shift_pattern_id,confirmation) VALUES (3,"2022/04/05",2,"Y");
INSERT INTO shift(employee_id,date,shift_pattern_id,confirmation) VALUES (3,"2022/04/06",2,"Y");
INSERT INTO shift(employee_id,date,shift_pattern_id,confirmation) VALUES (3,"2022/04/07",2,"Y");
INSERT INTO shift(employee_id,date,shift_pattern_id,confirmation) VALUES (3,"2022/04/08",2,"Y");
INSERT INTO shift(employee_id,date,shift_pattern_id,confirmation) VALUES (3,"2022/04/09",5,"Y");
INSERT INTO shift(employee_id,date,shift_pattern_id,confirmation) VALUES (3,"2022/04/10",5,"Y");
INSERT INTO shift(employee_id,date,shift_pattern_id,confirmation) VALUES (3,"2022/04/11",2,"Y");
INSERT INTO shift(employee_id,date,shift_pattern_id,confirmation) VALUES (3,"2022/04/12",2,"Y");
INSERT INTO shift(employee_id,date,shift_pattern_id,confirmation) VALUES (3,"2022/04/13",2,"Y");
INSERT INTO shift(employee_id,date,shift_pattern_id,confirmation) VALUES (3,"2022/04/14",2,"Y");
INSERT INTO shift(employee_id,date,shift_pattern_id,confirmation) VALUES (3,"2022/04/15",2,"Y");
INSERT INTO shift(employee_id,date,shift_pattern_id,confirmation) VALUES (3,"2022/04/16",5,"Y");
INSERT INTO shift(employee_id,date,shift_pattern_id,confirmation) VALUES (3,"2022/04/17",5,"Y");
INSERT INTO shift(employee_id,date,shift_pattern_id,confirmation) VALUES (3,"2022/04/18",2,"Y");
INSERT INTO shift(employee_id,date,shift_pattern_id,confirmation) VALUES (3,"2022/04/19",2,"Y");
INSERT INTO shift(employee_id,date,shift_pattern_id,confirmation) VALUES (3,"2022/04/20",2,"Y");
INSERT INTO shift(employee_id,date,shift_pattern_id,confirmation) VALUES (3,"2022/04/21",2,"Y");
INSERT INTO shift(employee_id,date,shift_pattern_id,confirmation) VALUES (3,"2022/04/22",2,"Y");
INSERT INTO shift(employee_id,date,shift_pattern_id,confirmation) VALUES (3,"2022/04/23",5,"Y");
INSERT INTO shift(employee_id,date,shift_pattern_id,confirmation) VALUES (3,"2022/04/24",5,"Y");
INSERT INTO shift(employee_id,date,shift_pattern_id,confirmation) VALUES (3,"2022/04/25",2,"Y");
INSERT INTO shift(employee_id,date,shift_pattern_id,confirmation) VALUES (3,"2022/04/26",2,"Y");
INSERT INTO shift(employee_id,date,shift_pattern_id,confirmation) VALUES (3,"2022/04/27",2,"Y");
INSERT INTO shift(employee_id,date,shift_pattern_id,confirmation) VALUES (3,"2022/04/28",2,"Y");
INSERT INTO shift(employee_id,date,shift_pattern_id,confirmation) VALUES (3,"2022/04/29",5,"Y");
INSERT INTO shift(employee_id,date,shift_pattern_id,confirmation) VALUES (3,"2022/04/30",5,"Y");
INSERT INTO shift(employee_id,date,shift_pattern_id,confirmation) VALUES (4,"2022/04/01",1,"Y");
INSERT INTO shift(employee_id,date,shift_pattern_id,confirmation) VALUES (4,"2022/04/02",5,"Y");
INSERT INTO shift(employee_id,date,shift_pattern_id,confirmation) VALUES (4,"2022/04/03",5,"Y");
INSERT INTO shift(employee_id,date,shift_pattern_id,confirmation) VALUES (4,"2022/04/04",1,"Y");
INSERT INTO shift(employee_id,date,shift_pattern_id,confirmation) VALUES (4,"2022/04/05",1,"Y");
INSERT INTO shift(employee_id,date,shift_pattern_id,confirmation) VALUES (4,"2022/04/06",1,"Y");
INSERT INTO shift(employee_id,date,shift_pattern_id,confirmation) VALUES (4,"2022/04/07",1,"Y");
INSERT INTO shift(employee_id,date,shift_pattern_id,confirmation) VALUES (4,"2022/04/08",1,"Y");
INSERT INTO shift(employee_id,date,shift_pattern_id,confirmation) VALUES (4,"2022/04/09",5,"Y");
INSERT INTO shift(employee_id,date,shift_pattern_id,confirmation) VALUES (4,"2022/04/10",5,"Y");
INSERT INTO shift(employee_id,date,shift_pattern_id,confirmation) VALUES (4,"2022/04/11",1,"Y");
INSERT INTO shift(employee_id,date,shift_pattern_id,confirmation) VALUES (4,"2022/04/12",1,"Y");
INSERT INTO shift(employee_id,date,shift_pattern_id,confirmation) VALUES (4,"2022/04/13",1,"Y");
INSERT INTO shift(employee_id,date,shift_pattern_id,confirmation) VALUES (4,"2022/04/14",1,"Y");
INSERT INTO shift(employee_id,date,shift_pattern_id,confirmation) VALUES (4,"2022/04/15",1,"Y");
INSERT INTO shift(employee_id,date,shift_pattern_id,confirmation) VALUES (4,"2022/04/16",5,"Y");
INSERT INTO shift(employee_id,date,shift_pattern_id,confirmation) VALUES (4,"2022/04/17",5,"Y");
INSERT INTO shift(employee_id,date,shift_pattern_id,confirmation) VALUES (4,"2022/04/18",1,"Y");
INSERT INTO shift(employee_id,date,shift_pattern_id,confirmation) VALUES (4,"2022/04/19",1,"Y");
INSERT INTO shift(employee_id,date,shift_pattern_id,confirmation) VALUES (4,"2022/04/20",1,"Y");
INSERT INTO shift(employee_id,date,shift_pattern_id,confirmation) VALUES (4,"2022/04/21",1,"Y");
INSERT INTO shift(employee_id,date,shift_pattern_id,confirmation) VALUES (4,"2022/04/22",1,"Y");
INSERT INTO shift(employee_id,date,shift_pattern_id,confirmation) VALUES (4,"2022/04/23",5,"Y");
INSERT INTO shift(employee_id,date,shift_pattern_id,confirmation) VALUES (4,"2022/04/24",5,"Y");
INSERT INTO shift(employee_id,date,shift_pattern_id,confirmation) VALUES (4,"2022/04/25",1,"Y");
INSERT INTO shift(employee_id,date,shift_pattern_id,confirmation) VALUES (4,"2022/04/26",1,"Y");
INSERT INTO shift(employee_id,date,shift_pattern_id,confirmation) VALUES (4,"2022/04/27",1,"Y");
INSERT INTO shift(employee_id,date,shift_pattern_id,confirmation) VALUES (4,"2022/04/28",1,"Y");
INSERT INTO shift(employee_id,date,shift_pattern_id,confirmation) VALUES (4,"2022/04/29",5,"Y");
INSERT INTO shift(employee_id,date,shift_pattern_id,confirmation) VALUES (4,"2022/04/30",5,"Y");
INSERT INTO shift(employee_id,date,shift_pattern_id,confirmation) VALUES (5,"2022/04/01",3,"Y");
INSERT INTO shift(employee_id,date,shift_pattern_id,confirmation) VALUES (5,"2022/04/02",5,"Y");
INSERT INTO shift(employee_id,date,shift_pattern_id,confirmation) VALUES (5,"2022/04/03",5,"Y");
INSERT INTO shift(employee_id,date,shift_pattern_id,confirmation) VALUES (5,"2022/04/04",3,"Y");
INSERT INTO shift(employee_id,date,shift_pattern_id,confirmation) VALUES (5,"2022/04/05",3,"Y");
INSERT INTO shift(employee_id,date,shift_pattern_id,confirmation) VALUES (5,"2022/04/06",3,"Y");
INSERT INTO shift(employee_id,date,shift_pattern_id,confirmation) VALUES (5,"2022/04/07",3,"Y");
INSERT INTO shift(employee_id,date,shift_pattern_id,confirmation) VALUES (5,"2022/04/08",3,"Y");
INSERT INTO shift(employee_id,date,shift_pattern_id,confirmation) VALUES (5,"2022/04/09",5,"Y");
INSERT INTO shift(employee_id,date,shift_pattern_id,confirmation) VALUES (5,"2022/04/10",5,"Y");
INSERT INTO shift(employee_id,date,shift_pattern_id,confirmation) VALUES (5,"2022/04/11",3,"Y");
INSERT INTO shift(employee_id,date,shift_pattern_id,confirmation) VALUES (5,"2022/04/12",3,"Y");
INSERT INTO shift(employee_id,date,shift_pattern_id,confirmation) VALUES (5,"2022/04/13",3,"Y");
INSERT INTO shift(employee_id,date,shift_pattern_id,confirmation) VALUES (5,"2022/04/14",3,"Y");
INSERT INTO shift(employee_id,date,shift_pattern_id,confirmation) VALUES (5,"2022/04/15",3,"Y");
INSERT INTO shift(employee_id,date,shift_pattern_id,confirmation) VALUES (5,"2022/04/16",5,"Y");
INSERT INTO shift(employee_id,date,shift_pattern_id,confirmation) VALUES (5,"2022/04/17",5,"Y");
INSERT INTO shift(employee_id,date,shift_pattern_id,confirmation) VALUES (5,"2022/04/18",3,"Y");
INSERT INTO shift(employee_id,date,shift_pattern_id,confirmation) VALUES (5,"2022/04/19",3,"Y");
INSERT INTO shift(employee_id,date,shift_pattern_id,confirmation) VALUES (5,"2022/04/20",3,"Y");
INSERT INTO shift(employee_id,date,shift_pattern_id,confirmation) VALUES (5,"2022/04/21",3,"Y");
INSERT INTO shift(employee_id,date,shift_pattern_id,confirmation) VALUES (5,"2022/04/22",3,"Y");
INSERT INTO shift(employee_id,date,shift_pattern_id,confirmation) VALUES (5,"2022/04/23",5,"Y");
INSERT INTO shift(employee_id,date,shift_pattern_id,confirmation) VALUES (5,"2022/04/24",5,"Y");
INSERT INTO shift(employee_id,date,shift_pattern_id,confirmation) VALUES (5,"2022/04/25",3,"Y");
INSERT INTO shift(employee_id,date,shift_pattern_id,confirmation) VALUES (5,"2022/04/26",3,"Y");
INSERT INTO shift(employee_id,date,shift_pattern_id,confirmation) VALUES (5,"2022/04/27",3,"Y");
INSERT INTO shift(employee_id,date,shift_pattern_id,confirmation) VALUES (5,"2022/04/28",3,"Y");
INSERT INTO shift(employee_id,date,shift_pattern_id,confirmation) VALUES (5,"2022/04/29",5,"Y");
INSERT INTO shift(employee_id,date,shift_pattern_id,confirmation) VALUES (5,"2022/04/30",5,"Y");
INSERT INTO shift(employee_id,date,shift_pattern_id,confirmation) VALUES (6,"2022/04/01",1,"Y");
INSERT INTO shift(employee_id,date,shift_pattern_id,confirmation) VALUES (6,"2022/04/02",5,"Y");
INSERT INTO shift(employee_id,date,shift_pattern_id,confirmation) VALUES (6,"2022/04/03",5,"Y");
INSERT INTO shift(employee_id,date,shift_pattern_id,confirmation) VALUES (6,"2022/04/04",1,"Y");
INSERT INTO shift(employee_id,date,shift_pattern_id,confirmation) VALUES (6,"2022/04/05",1,"Y");
INSERT INTO shift(employee_id,date,shift_pattern_id,confirmation) VALUES (6,"2022/04/06",1,"Y");
INSERT INTO shift(employee_id,date,shift_pattern_id,confirmation) VALUES (6,"2022/04/07",1,"Y");
INSERT INTO shift(employee_id,date,shift_pattern_id,confirmation) VALUES (6,"2022/04/08",1,"Y");
INSERT INTO shift(employee_id,date,shift_pattern_id,confirmation) VALUES (6,"2022/04/09",5,"Y");
INSERT INTO shift(employee_id,date,shift_pattern_id,confirmation) VALUES (6,"2022/04/10",5,"Y");
INSERT INTO shift(employee_id,date,shift_pattern_id,confirmation) VALUES (6,"2022/04/11",1,"Y");
INSERT INTO shift(employee_id,date,shift_pattern_id,confirmation) VALUES (6,"2022/04/12",1,"Y");
INSERT INTO shift(employee_id,date,shift_pattern_id,confirmation) VALUES (6,"2022/04/13",1,"Y");
INSERT INTO shift(employee_id,date,shift_pattern_id,confirmation) VALUES (6,"2022/04/14",1,"Y");
INSERT INTO shift(employee_id,date,shift_pattern_id,confirmation) VALUES (6,"2022/04/15",1,"Y");
INSERT INTO shift(employee_id,date,shift_pattern_id,confirmation) VALUES (6,"2022/04/16",5,"Y");
INSERT INTO shift(employee_id,date,shift_pattern_id,confirmation) VALUES (6,"2022/04/17",5,"Y");
INSERT INTO shift(employee_id,date,shift_pattern_id,confirmation) VALUES (6,"2022/04/18",1,"Y");
INSERT INTO shift(employee_id,date,shift_pattern_id,confirmation) VALUES (6,"2022/04/19",1,"Y");
INSERT INTO shift(employee_id,date,shift_pattern_id,confirmation) VALUES (6,"2022/04/20",1,"Y");
INSERT INTO shift(employee_id,date,shift_pattern_id,confirmation) VALUES (6,"2022/04/21",1,"Y");
INSERT INTO shift(employee_id,date,shift_pattern_id,confirmation) VALUES (6,"2022/04/22",1,"Y");
INSERT INTO shift(employee_id,date,shift_pattern_id,confirmation) VALUES (6,"2022/04/23",5,"Y");
INSERT INTO shift(employee_id,date,shift_pattern_id,confirmation) VALUES (6,"2022/04/24",5,"Y");
INSERT INTO shift(employee_id,date,shift_pattern_id,confirmation) VALUES (6,"2022/04/25",1,"Y");
INSERT INTO shift(employee_id,date,shift_pattern_id,confirmation) VALUES (6,"2022/04/26",1,"Y");
INSERT INTO shift(employee_id,date,shift_pattern_id,confirmation) VALUES (6,"2022/04/27",1,"Y");
INSERT INTO shift(employee_id,date,shift_pattern_id,confirmation) VALUES (6,"2022/04/28",1,"Y");
INSERT INTO shift(employee_id,date,shift_pattern_id,confirmation) VALUES (6,"2022/04/29",5,"Y");
INSERT INTO shift(employee_id,date,shift_pattern_id,confirmation) VALUES (6,"2022/04/30",5,"Y");
INSERT INTO shift(employee_id,date,shift_pattern_id,confirmation) VALUES (7,"2022/04/01",3,"Y");
INSERT INTO shift(employee_id,date,shift_pattern_id,confirmation) VALUES (7,"2022/04/02",5,"Y");
INSERT INTO shift(employee_id,date,shift_pattern_id,confirmation) VALUES (7,"2022/04/03",5,"Y");
INSERT INTO shift(employee_id,date,shift_pattern_id,confirmation) VALUES (7,"2022/04/04",3,"Y");
INSERT INTO shift(employee_id,date,shift_pattern_id,confirmation) VALUES (7,"2022/04/05",3,"Y");
INSERT INTO shift(employee_id,date,shift_pattern_id,confirmation) VALUES (7,"2022/04/06",3,"Y");
INSERT INTO shift(employee_id,date,shift_pattern_id,confirmation) VALUES (7,"2022/04/07",3,"Y");
INSERT INTO shift(employee_id,date,shift_pattern_id,confirmation) VALUES (7,"2022/04/08",3,"Y");
INSERT INTO shift(employee_id,date,shift_pattern_id,confirmation) VALUES (7,"2022/04/09",5,"Y");
INSERT INTO shift(employee_id,date,shift_pattern_id,confirmation) VALUES (7,"2022/04/10",5,"Y");
INSERT INTO shift(employee_id,date,shift_pattern_id,confirmation) VALUES (7,"2022/04/11",3,"Y");
INSERT INTO shift(employee_id,date,shift_pattern_id,confirmation) VALUES (7,"2022/04/12",3,"Y");
INSERT INTO shift(employee_id,date,shift_pattern_id,confirmation) VALUES (7,"2022/04/13",3,"Y");
INSERT INTO shift(employee_id,date,shift_pattern_id,confirmation) VALUES (7,"2022/04/14",3,"Y");
INSERT INTO shift(employee_id,date,shift_pattern_id,confirmation) VALUES (7,"2022/04/15",3,"Y");
INSERT INTO shift(employee_id,date,shift_pattern_id,confirmation) VALUES (7,"2022/04/16",5,"Y");
INSERT INTO shift(employee_id,date,shift_pattern_id,confirmation) VALUES (7,"2022/04/17",5,"Y");
INSERT INTO shift(employee_id,date,shift_pattern_id,confirmation) VALUES (7,"2022/04/18",3,"Y");
INSERT INTO shift(employee_id,date,shift_pattern_id,confirmation) VALUES (7,"2022/04/19",3,"Y");
INSERT INTO shift(employee_id,date,shift_pattern_id,confirmation) VALUES (7,"2022/04/20",3,"Y");
INSERT INTO shift(employee_id,date,shift_pattern_id,confirmation) VALUES (7,"2022/04/21",3,"Y");
INSERT INTO shift(employee_id,date,shift_pattern_id,confirmation) VALUES (7,"2022/04/22",3,"Y");
INSERT INTO shift(employee_id,date,shift_pattern_id,confirmation) VALUES (7,"2022/04/23",5,"Y");
INSERT INTO shift(employee_id,date,shift_pattern_id,confirmation) VALUES (7,"2022/04/24",5,"Y");
INSERT INTO shift(employee_id,date,shift_pattern_id,confirmation) VALUES (7,"2022/04/25",3,"Y");
INSERT INTO shift(employee_id,date,shift_pattern_id,confirmation) VALUES (7,"2022/04/26",3,"Y");
INSERT INTO shift(employee_id,date,shift_pattern_id,confirmation) VALUES (7,"2022/04/27",3,"Y");
INSERT INTO shift(employee_id,date,shift_pattern_id,confirmation) VALUES (7,"2022/04/28",3,"Y");
INSERT INTO shift(employee_id,date,shift_pattern_id,confirmation) VALUES (7,"2022/04/29",5,"Y");
INSERT INTO shift(employee_id,date,shift_pattern_id,confirmation) VALUES (7,"2022/04/30",5,"Y");
INSERT INTO shift(employee_id,date,shift_pattern_id,confirmation) VALUES (8,"2022/04/01",4,"Y");
INSERT INTO shift(employee_id,date,shift_pattern_id,confirmation) VALUES (8,"2022/04/02",5,"Y");
INSERT INTO shift(employee_id,date,shift_pattern_id,confirmation) VALUES (8,"2022/04/03",5,"Y");
INSERT INTO shift(employee_id,date,shift_pattern_id,confirmation) VALUES (8,"2022/04/04",4,"Y");
INSERT INTO shift(employee_id,date,shift_pattern_id,confirmation) VALUES (8,"2022/04/05",4,"Y");
INSERT INTO shift(employee_id,date,shift_pattern_id,confirmation) VALUES (8,"2022/04/06",4,"Y");
INSERT INTO shift(employee_id,date,shift_pattern_id,confirmation) VALUES (8,"2022/04/07",4,"Y");
INSERT INTO shift(employee_id,date,shift_pattern_id,confirmation) VALUES (8,"2022/04/08",4,"Y");
INSERT INTO shift(employee_id,date,shift_pattern_id,confirmation) VALUES (8,"2022/04/09",5,"Y");
INSERT INTO shift(employee_id,date,shift_pattern_id,confirmation) VALUES (8,"2022/04/10",5,"Y");
INSERT INTO shift(employee_id,date,shift_pattern_id,confirmation) VALUES (8,"2022/04/11",4,"Y");
INSERT INTO shift(employee_id,date,shift_pattern_id,confirmation) VALUES (8,"2022/04/12",4,"Y");
INSERT INTO shift(employee_id,date,shift_pattern_id,confirmation) VALUES (8,"2022/04/13",4,"Y");
INSERT INTO shift(employee_id,date,shift_pattern_id,confirmation) VALUES (8,"2022/04/14",4,"Y");
INSERT INTO shift(employee_id,date,shift_pattern_id,confirmation) VALUES (8,"2022/04/15",4,"Y");
INSERT INTO shift(employee_id,date,shift_pattern_id,confirmation) VALUES (8,"2022/04/16",5,"Y");
INSERT INTO shift(employee_id,date,shift_pattern_id,confirmation) VALUES (8,"2022/04/17",5,"Y");
INSERT INTO shift(employee_id,date,shift_pattern_id,confirmation) VALUES (8,"2022/04/18",4,"Y");
INSERT INTO shift(employee_id,date,shift_pattern_id,confirmation) VALUES (8,"2022/04/19",4,"Y");
INSERT INTO shift(employee_id,date,shift_pattern_id,confirmation) VALUES (8,"2022/04/20",4,"Y");
INSERT INTO shift(employee_id,date,shift_pattern_id,confirmation) VALUES (8,"2022/04/21",4,"Y");
INSERT INTO shift(employee_id,date,shift_pattern_id,confirmation) VALUES (8,"2022/04/22",4,"Y");
INSERT INTO shift(employee_id,date,shift_pattern_id,confirmation) VALUES (8,"2022/04/23",5,"Y");
INSERT INTO shift(employee_id,date,shift_pattern_id,confirmation) VALUES (8,"2022/04/24",5,"Y");
INSERT INTO shift(employee_id,date,shift_pattern_id,confirmation) VALUES (8,"2022/04/25",4,"Y");
INSERT INTO shift(employee_id,date,shift_pattern_id,confirmation) VALUES (8,"2022/04/26",4,"Y");
INSERT INTO shift(employee_id,date,shift_pattern_id,confirmation) VALUES (8,"2022/04/27",4,"Y");
INSERT INTO shift(employee_id,date,shift_pattern_id,confirmation) VALUES (8,"2022/04/28",4,"Y");
INSERT INTO shift(employee_id,date,shift_pattern_id,confirmation) VALUES (8,"2022/04/29",5,"Y");
INSERT INTO shift(employee_id,date,shift_pattern_id,confirmation) VALUES (8,"2022/04/30",5,"Y");
INSERT INTO shift(employee_id,date,shift_pattern_id,confirmation) VALUES (9,"2022/04/01",3,"Y");
INSERT INTO shift(employee_id,date,shift_pattern_id,confirmation) VALUES (9,"2022/04/02",5,"Y");
INSERT INTO shift(employee_id,date,shift_pattern_id,confirmation) VALUES (9,"2022/04/03",5,"Y");
INSERT INTO shift(employee_id,date,shift_pattern_id,confirmation) VALUES (9,"2022/04/04",3,"Y");
INSERT INTO shift(employee_id,date,shift_pattern_id,confirmation) VALUES (9,"2022/04/05",3,"Y");
INSERT INTO shift(employee_id,date,shift_pattern_id,confirmation) VALUES (9,"2022/04/06",3,"Y");
INSERT INTO shift(employee_id,date,shift_pattern_id,confirmation) VALUES (9,"2022/04/07",3,"Y");
INSERT INTO shift(employee_id,date,shift_pattern_id,confirmation) VALUES (9,"2022/04/08",3,"Y");
INSERT INTO shift(employee_id,date,shift_pattern_id,confirmation) VALUES (9,"2022/04/09",5,"Y");
INSERT INTO shift(employee_id,date,shift_pattern_id,confirmation) VALUES (9,"2022/04/10",5,"Y");
INSERT INTO shift(employee_id,date,shift_pattern_id,confirmation) VALUES (9,"2022/04/11",3,"Y");
INSERT INTO shift(employee_id,date,shift_pattern_id,confirmation) VALUES (9,"2022/04/12",3,"Y");
INSERT INTO shift(employee_id,date,shift_pattern_id,confirmation) VALUES (9,"2022/04/13",3,"Y");
INSERT INTO shift(employee_id,date,shift_pattern_id,confirmation) VALUES (9,"2022/04/14",3,"Y");
INSERT INTO shift(employee_id,date,shift_pattern_id,confirmation) VALUES (9,"2022/04/15",3,"Y");
INSERT INTO shift(employee_id,date,shift_pattern_id,confirmation) VALUES (9,"2022/04/16",5,"Y");
INSERT INTO shift(employee_id,date,shift_pattern_id,confirmation) VALUES (9,"2022/04/17",5,"Y");
INSERT INTO shift(employee_id,date,shift_pattern_id,confirmation) VALUES (9,"2022/04/18",3,"Y");
INSERT INTO shift(employee_id,date,shift_pattern_id,confirmation) VALUES (9,"2022/04/19",3,"Y");
INSERT INTO shift(employee_id,date,shift_pattern_id,confirmation) VALUES (9,"2022/04/20",3,"Y");
INSERT INTO shift(employee_id,date,shift_pattern_id,confirmation) VALUES (9,"2022/04/21",3,"Y");
INSERT INTO shift(employee_id,date,shift_pattern_id,confirmation) VALUES (9,"2022/04/22",3,"Y");
INSERT INTO shift(employee_id,date,shift_pattern_id,confirmation) VALUES (9,"2022/04/23",5,"Y");
INSERT INTO shift(employee_id,date,shift_pattern_id,confirmation) VALUES (9,"2022/04/24",5,"Y");
INSERT INTO shift(employee_id,date,shift_pattern_id,confirmation) VALUES (9,"2022/04/25",3,"Y");
INSERT INTO shift(employee_id,date,shift_pattern_id,confirmation) VALUES (9,"2022/04/26",3,"Y");
INSERT INTO shift(employee_id,date,shift_pattern_id,confirmation) VALUES (9,"2022/04/27",3,"Y");
INSERT INTO shift(employee_id,date,shift_pattern_id,confirmation) VALUES (9,"2022/04/28",3,"Y");
INSERT INTO shift(employee_id,date,shift_pattern_id,confirmation) VALUES (9,"2022/04/29",5,"Y");
INSERT INTO shift(employee_id,date,shift_pattern_id,confirmation) VALUES (9,"2022/04/30",5,"Y");
INSERT INTO shift(employee_id,date,shift_pattern_id,confirmation) VALUES (10,"2022/04/01",4,"Y");
INSERT INTO shift(employee_id,date,shift_pattern_id,confirmation) VALUES (10,"2022/04/02",5,"Y");
INSERT INTO shift(employee_id,date,shift_pattern_id,confirmation) VALUES (10,"2022/04/03",5,"Y");
INSERT INTO shift(employee_id,date,shift_pattern_id,confirmation) VALUES (10,"2022/04/04",4,"Y");
INSERT INTO shift(employee_id,date,shift_pattern_id,confirmation) VALUES (10,"2022/04/05",4,"Y");
INSERT INTO shift(employee_id,date,shift_pattern_id,confirmation) VALUES (10,"2022/04/06",4,"Y");
INSERT INTO shift(employee_id,date,shift_pattern_id,confirmation) VALUES (10,"2022/04/07",4,"Y");
INSERT INTO shift(employee_id,date,shift_pattern_id,confirmation) VALUES (10,"2022/04/08",4,"Y");
INSERT INTO shift(employee_id,date,shift_pattern_id,confirmation) VALUES (10,"2022/04/09",5,"Y");
INSERT INTO shift(employee_id,date,shift_pattern_id,confirmation) VALUES (10,"2022/04/10",5,"Y");
INSERT INTO shift(employee_id,date,shift_pattern_id,confirmation) VALUES (10,"2022/04/11",4,"Y");
INSERT INTO shift(employee_id,date,shift_pattern_id,confirmation) VALUES (10,"2022/04/12",4,"Y");
INSERT INTO shift(employee_id,date,shift_pattern_id,confirmation) VALUES (10,"2022/04/13",4,"Y");
INSERT INTO shift(employee_id,date,shift_pattern_id,confirmation) VALUES (10,"2022/04/14",4,"Y");
INSERT INTO shift(employee_id,date,shift_pattern_id,confirmation) VALUES (10,"2022/04/15",4,"Y");
INSERT INTO shift(employee_id,date,shift_pattern_id,confirmation) VALUES (10,"2022/04/16",5,"Y");
INSERT INTO shift(employee_id,date,shift_pattern_id,confirmation) VALUES (10,"2022/04/17",5,"Y");
INSERT INTO shift(employee_id,date,shift_pattern_id,confirmation) VALUES (10,"2022/04/18",4,"Y");
INSERT INTO shift(employee_id,date,shift_pattern_id,confirmation) VALUES (10,"2022/04/19",4,"Y");
INSERT INTO shift(employee_id,date,shift_pattern_id,confirmation) VALUES (10,"2022/04/20",4,"Y");
INSERT INTO shift(employee_id,date,shift_pattern_id,confirmation) VALUES (10,"2022/04/21",4,"Y");
INSERT INTO shift(employee_id,date,shift_pattern_id,confirmation) VALUES (10,"2022/04/22",4,"Y");
INSERT INTO shift(employee_id,date,shift_pattern_id,confirmation) VALUES (10,"2022/04/23",5,"Y");
INSERT INTO shift(employee_id,date,shift_pattern_id,confirmation) VALUES (10,"2022/04/24",5,"Y");
INSERT INTO shift(employee_id,date,shift_pattern_id,confirmation) VALUES (10,"2022/04/25",4,"Y");
INSERT INTO shift(employee_id,date,shift_pattern_id,confirmation) VALUES (10,"2022/04/26",4,"Y");
INSERT INTO shift(employee_id,date,shift_pattern_id,confirmation) VALUES (10,"2022/04/27",4,"Y");
INSERT INTO shift(employee_id,date,shift_pattern_id,confirmation) VALUES (10,"2022/04/28",4,"Y");
INSERT INTO shift(employee_id,date,shift_pattern_id,confirmation) VALUES (10,"2022/04/29",5,"Y");
INSERT INTO shift(employee_id,date,shift_pattern_id,confirmation) VALUES (10,"2022/04/30",5,"Y");
INSERT INTO shift(employee_id,date,shift_pattern_id,confirmation) VALUES (1,"2022/05/01",5,"Y");
INSERT INTO shift(employee_id,date,shift_pattern_id,confirmation) VALUES (1,"2022/05/02",2,"Y");
INSERT INTO shift(employee_id,date,shift_pattern_id,confirmation) VALUES (1,"2022/05/03",5,"Y");
INSERT INTO shift(employee_id,date,shift_pattern_id,confirmation) VALUES (1,"2022/05/04",5,"Y");
INSERT INTO shift(employee_id,date,shift_pattern_id,confirmation) VALUES (1,"2022/05/05",5,"Y");
INSERT INTO shift(employee_id,date,shift_pattern_id,confirmation) VALUES (1,"2022/05/06",2,"Y");
INSERT INTO shift(employee_id,date,shift_pattern_id,confirmation) VALUES (1,"2022/05/07",5,"Y");
INSERT INTO shift(employee_id,date,shift_pattern_id,confirmation) VALUES (1,"2022/05/08",5,"Y");
INSERT INTO shift(employee_id,date,shift_pattern_id,confirmation) VALUES (1,"2022/05/09",2,"Y");
INSERT INTO shift(employee_id,date,shift_pattern_id,confirmation) VALUES (1,"2022/05/10",2,"Y");
INSERT INTO shift(employee_id,date,shift_pattern_id,confirmation) VALUES (1,"2022/05/11",2,"Y");
INSERT INTO shift(employee_id,date,shift_pattern_id,confirmation) VALUES (1,"2022/05/12",2,"Y");
INSERT INTO shift(employee_id,date,shift_pattern_id,confirmation) VALUES (1,"2022/05/13",2,"Y");
INSERT INTO shift(employee_id,date,shift_pattern_id,confirmation) VALUES (1,"2022/05/14",5,"Y");
INSERT INTO shift(employee_id,date,shift_pattern_id,confirmation) VALUES (1,"2022/05/15",5,"Y");
INSERT INTO shift(employee_id,date,shift_pattern_id,confirmation) VALUES (1,"2022/05/16",2,"Y");
INSERT INTO shift(employee_id,date,shift_pattern_id,confirmation) VALUES (1,"2022/05/17",2,"Y");
INSERT INTO shift(employee_id,date,shift_pattern_id,confirmation) VALUES (1,"2022/05/18",2,"Y");
INSERT INTO shift(employee_id,date,shift_pattern_id,confirmation) VALUES (1,"2022/05/19",2,"Y");
INSERT INTO shift(employee_id,date,shift_pattern_id,confirmation) VALUES (1,"2022/05/20",2,"Y");
INSERT INTO shift(employee_id,date,shift_pattern_id,confirmation) VALUES (1,"2022/05/21",5,"Y");
INSERT INTO shift(employee_id,date,shift_pattern_id,confirmation) VALUES (1,"2022/05/22",5,"Y");
INSERT INTO shift(employee_id,date,shift_pattern_id,confirmation) VALUES (1,"2022/05/23",2,"Y");
INSERT INTO shift(employee_id,date,shift_pattern_id,confirmation) VALUES (1,"2022/05/24",2,"Y");
INSERT INTO shift(employee_id,date,shift_pattern_id,confirmation) VALUES (1,"2022/05/25",2,"Y");
INSERT INTO shift(employee_id,date,shift_pattern_id,confirmation) VALUES (1,"2022/05/26",2,"Y");
INSERT INTO shift(employee_id,date,shift_pattern_id,confirmation) VALUES (1,"2022/05/27",2,"Y");
INSERT INTO shift(employee_id,date,shift_pattern_id,confirmation) VALUES (1,"2022/05/28",5,"Y");
INSERT INTO shift(employee_id,date,shift_pattern_id,confirmation) VALUES (1,"2022/05/29",5,"Y");
INSERT INTO shift(employee_id,date,shift_pattern_id,confirmation) VALUES (1,"2022/05/30",2,"Y");
INSERT INTO shift(employee_id,date,shift_pattern_id,confirmation) VALUES (1,"2022/05/31",2,"Y");
INSERT INTO shift(employee_id,date,shift_pattern_id,confirmation) VALUES (2,"2022/05/01",5,"Y");
INSERT INTO shift(employee_id,date,shift_pattern_id,confirmation) VALUES (2,"2022/05/02",2,"Y");
INSERT INTO shift(employee_id,date,shift_pattern_id,confirmation) VALUES (2,"2022/05/03",5,"Y");
INSERT INTO shift(employee_id,date,shift_pattern_id,confirmation) VALUES (2,"2022/05/04",5,"Y");
INSERT INTO shift(employee_id,date,shift_pattern_id,confirmation) VALUES (2,"2022/05/05",5,"Y");
INSERT INTO shift(employee_id,date,shift_pattern_id,confirmation) VALUES (2,"2022/05/06",2,"Y");
INSERT INTO shift(employee_id,date,shift_pattern_id,confirmation) VALUES (2,"2022/05/07",5,"Y");
INSERT INTO shift(employee_id,date,shift_pattern_id,confirmation) VALUES (2,"2022/05/08",5,"Y");
INSERT INTO shift(employee_id,date,shift_pattern_id,confirmation) VALUES (2,"2022/05/09",2,"Y");
INSERT INTO shift(employee_id,date,shift_pattern_id,confirmation) VALUES (2,"2022/05/10",2,"Y");
INSERT INTO shift(employee_id,date,shift_pattern_id,confirmation) VALUES (2,"2022/05/11",2,"Y");
INSERT INTO shift(employee_id,date,shift_pattern_id,confirmation) VALUES (2,"2022/05/12",2,"Y");
INSERT INTO shift(employee_id,date,shift_pattern_id,confirmation) VALUES (2,"2022/05/13",2,"Y");
INSERT INTO shift(employee_id,date,shift_pattern_id,confirmation) VALUES (2,"2022/05/14",5,"Y");
INSERT INTO shift(employee_id,date,shift_pattern_id,confirmation) VALUES (2,"2022/05/15",5,"Y");
INSERT INTO shift(employee_id,date,shift_pattern_id,confirmation) VALUES (2,"2022/05/16",2,"Y");
INSERT INTO shift(employee_id,date,shift_pattern_id,confirmation) VALUES (2,"2022/05/17",2,"Y");
INSERT INTO shift(employee_id,date,shift_pattern_id,confirmation) VALUES (2,"2022/05/18",2,"Y");
INSERT INTO shift(employee_id,date,shift_pattern_id,confirmation) VALUES (2,"2022/05/19",2,"Y");
INSERT INTO shift(employee_id,date,shift_pattern_id,confirmation) VALUES (2,"2022/05/20",2,"Y");
INSERT INTO shift(employee_id,date,shift_pattern_id,confirmation) VALUES (2,"2022/05/21",5,"Y");
INSERT INTO shift(employee_id,date,shift_pattern_id,confirmation) VALUES (2,"2022/05/22",5,"Y");
INSERT INTO shift(employee_id,date,shift_pattern_id,confirmation) VALUES (2,"2022/05/23",2,"Y");
INSERT INTO shift(employee_id,date,shift_pattern_id,confirmation) VALUES (2,"2022/05/24",2,"Y");
INSERT INTO shift(employee_id,date,shift_pattern_id,confirmation) VALUES (2,"2022/05/25",2,"Y");
INSERT INTO shift(employee_id,date,shift_pattern_id,confirmation) VALUES (2,"2022/05/26",2,"Y");
INSERT INTO shift(employee_id,date,shift_pattern_id,confirmation) VALUES (2,"2022/05/27",2,"Y");
INSERT INTO shift(employee_id,date,shift_pattern_id,confirmation) VALUES (2,"2022/05/28",5,"Y");
INSERT INTO shift(employee_id,date,shift_pattern_id,confirmation) VALUES (2,"2022/05/29",5,"Y");
INSERT INTO shift(employee_id,date,shift_pattern_id,confirmation) VALUES (2,"2022/05/30",2,"Y");
INSERT INTO shift(employee_id,date,shift_pattern_id,confirmation) VALUES (2,"2022/05/31",2,"Y");
INSERT INTO shift(employee_id,date,shift_pattern_id,confirmation) VALUES (3,"2022/05/01",5,"Y");
INSERT INTO shift(employee_id,date,shift_pattern_id,confirmation) VALUES (3,"2022/05/02",2,"Y");
INSERT INTO shift(employee_id,date,shift_pattern_id,confirmation) VALUES (3,"2022/05/03",5,"Y");
INSERT INTO shift(employee_id,date,shift_pattern_id,confirmation) VALUES (3,"2022/05/04",5,"Y");
INSERT INTO shift(employee_id,date,shift_pattern_id,confirmation) VALUES (3,"2022/05/05",5,"Y");
INSERT INTO shift(employee_id,date,shift_pattern_id,confirmation) VALUES (3,"2022/05/06",2,"Y");
INSERT INTO shift(employee_id,date,shift_pattern_id,confirmation) VALUES (3,"2022/05/07",5,"Y");
INSERT INTO shift(employee_id,date,shift_pattern_id,confirmation) VALUES (3,"2022/05/08",5,"Y");
INSERT INTO shift(employee_id,date,shift_pattern_id,confirmation) VALUES (3,"2022/05/09",2,"Y");
INSERT INTO shift(employee_id,date,shift_pattern_id,confirmation) VALUES (3,"2022/05/10",2,"Y");
INSERT INTO shift(employee_id,date,shift_pattern_id,confirmation) VALUES (3,"2022/05/11",2,"Y");
INSERT INTO shift(employee_id,date,shift_pattern_id,confirmation) VALUES (3,"2022/05/12",2,"Y");
INSERT INTO shift(employee_id,date,shift_pattern_id,confirmation) VALUES (3,"2022/05/13",2,"Y");
INSERT INTO shift(employee_id,date,shift_pattern_id,confirmation) VALUES (3,"2022/05/14",5,"Y");
INSERT INTO shift(employee_id,date,shift_pattern_id,confirmation) VALUES (3,"2022/05/15",5,"Y");
INSERT INTO shift(employee_id,date,shift_pattern_id,confirmation) VALUES (3,"2022/05/16",2,"Y");
INSERT INTO shift(employee_id,date,shift_pattern_id,confirmation) VALUES (3,"2022/05/17",2,"Y");
INSERT INTO shift(employee_id,date,shift_pattern_id,confirmation) VALUES (3,"2022/05/18",2,"Y");
INSERT INTO shift(employee_id,date,shift_pattern_id,confirmation) VALUES (3,"2022/05/19",2,"Y");
INSERT INTO shift(employee_id,date,shift_pattern_id,confirmation) VALUES (3,"2022/05/20",2,"Y");
INSERT INTO shift(employee_id,date,shift_pattern_id,confirmation) VALUES (3,"2022/05/21",5,"Y");
INSERT INTO shift(employee_id,date,shift_pattern_id,confirmation) VALUES (3,"2022/05/22",5,"Y");
INSERT INTO shift(employee_id,date,shift_pattern_id,confirmation) VALUES (3,"2022/05/23",2,"Y");
INSERT INTO shift(employee_id,date,shift_pattern_id,confirmation) VALUES (3,"2022/05/24",2,"Y");
INSERT INTO shift(employee_id,date,shift_pattern_id,confirmation) VALUES (3,"2022/05/25",2,"Y");
INSERT INTO shift(employee_id,date,shift_pattern_id,confirmation) VALUES (3,"2022/05/26",2,"Y");
INSERT INTO shift(employee_id,date,shift_pattern_id,confirmation) VALUES (3,"2022/05/27",2,"Y");
INSERT INTO shift(employee_id,date,shift_pattern_id,confirmation) VALUES (3,"2022/05/28",5,"Y");
INSERT INTO shift(employee_id,date,shift_pattern_id,confirmation) VALUES (3,"2022/05/29",5,"Y");
INSERT INTO shift(employee_id,date,shift_pattern_id,confirmation) VALUES (3,"2022/05/30",2,"Y");
INSERT INTO shift(employee_id,date,shift_pattern_id,confirmation) VALUES (3,"2022/05/31",2,"Y");
INSERT INTO shift(employee_id,date,shift_pattern_id,confirmation) VALUES (4,"2022/05/01",5,"Y");
INSERT INTO shift(employee_id,date,shift_pattern_id,confirmation) VALUES (4,"2022/05/02",1,"Y");
INSERT INTO shift(employee_id,date,shift_pattern_id,confirmation) VALUES (4,"2022/05/03",5,"Y");
INSERT INTO shift(employee_id,date,shift_pattern_id,confirmation) VALUES (4,"2022/05/04",5,"Y");
INSERT INTO shift(employee_id,date,shift_pattern_id,confirmation) VALUES (4,"2022/05/05",5,"Y");
INSERT INTO shift(employee_id,date,shift_pattern_id,confirmation) VALUES (4,"2022/05/06",1,"Y");
INSERT INTO shift(employee_id,date,shift_pattern_id,confirmation) VALUES (4,"2022/05/07",5,"Y");
INSERT INTO shift(employee_id,date,shift_pattern_id,confirmation) VALUES (4,"2022/05/08",5,"Y");
INSERT INTO shift(employee_id,date,shift_pattern_id,confirmation) VALUES (4,"2022/05/09",1,"Y");
INSERT INTO shift(employee_id,date,shift_pattern_id,confirmation) VALUES (4,"2022/05/10",1,"Y");
INSERT INTO shift(employee_id,date,shift_pattern_id,confirmation) VALUES (4,"2022/05/11",1,"Y");
INSERT INTO shift(employee_id,date,shift_pattern_id,confirmation) VALUES (4,"2022/05/12",1,"Y");
INSERT INTO shift(employee_id,date,shift_pattern_id,confirmation) VALUES (4,"2022/05/13",1,"Y");
INSERT INTO shift(employee_id,date,shift_pattern_id,confirmation) VALUES (4,"2022/05/14",5,"Y");
INSERT INTO shift(employee_id,date,shift_pattern_id,confirmation) VALUES (4,"2022/05/15",5,"Y");
INSERT INTO shift(employee_id,date,shift_pattern_id,confirmation) VALUES (4,"2022/05/16",1,"Y");
INSERT INTO shift(employee_id,date,shift_pattern_id,confirmation) VALUES (4,"2022/05/17",1,"Y");
INSERT INTO shift(employee_id,date,shift_pattern_id,confirmation) VALUES (4,"2022/05/18",1,"Y");
INSERT INTO shift(employee_id,date,shift_pattern_id,confirmation) VALUES (4,"2022/05/19",1,"Y");
INSERT INTO shift(employee_id,date,shift_pattern_id,confirmation) VALUES (4,"2022/05/20",1,"Y");
INSERT INTO shift(employee_id,date,shift_pattern_id,confirmation) VALUES (4,"2022/05/21",5,"Y");
INSERT INTO shift(employee_id,date,shift_pattern_id,confirmation) VALUES (4,"2022/05/22",5,"Y");
INSERT INTO shift(employee_id,date,shift_pattern_id,confirmation) VALUES (4,"2022/05/23",1,"Y");
INSERT INTO shift(employee_id,date,shift_pattern_id,confirmation) VALUES (4,"2022/05/24",1,"Y");
INSERT INTO shift(employee_id,date,shift_pattern_id,confirmation) VALUES (4,"2022/05/25",1,"Y");
INSERT INTO shift(employee_id,date,shift_pattern_id,confirmation) VALUES (4,"2022/05/26",1,"Y");
INSERT INTO shift(employee_id,date,shift_pattern_id,confirmation) VALUES (4,"2022/05/27",1,"Y");
INSERT INTO shift(employee_id,date,shift_pattern_id,confirmation) VALUES (4,"2022/05/28",5,"Y");
INSERT INTO shift(employee_id,date,shift_pattern_id,confirmation) VALUES (4,"2022/05/29",5,"Y");
INSERT INTO shift(employee_id,date,shift_pattern_id,confirmation) VALUES (4,"2022/05/30",1,"Y");
INSERT INTO shift(employee_id,date,shift_pattern_id,confirmation) VALUES (4,"2022/05/31",1,"Y");
INSERT INTO shift(employee_id,date,shift_pattern_id,confirmation) VALUES (5,"2022/05/01",5,"Y");
INSERT INTO shift(employee_id,date,shift_pattern_id,confirmation) VALUES (5,"2022/05/02",3,"Y");
INSERT INTO shift(employee_id,date,shift_pattern_id,confirmation) VALUES (5,"2022/05/03",5,"Y");
INSERT INTO shift(employee_id,date,shift_pattern_id,confirmation) VALUES (5,"2022/05/04",5,"Y");
INSERT INTO shift(employee_id,date,shift_pattern_id,confirmation) VALUES (5,"2022/05/05",5,"Y");
INSERT INTO shift(employee_id,date,shift_pattern_id,confirmation) VALUES (5,"2022/05/06",3,"Y");
INSERT INTO shift(employee_id,date,shift_pattern_id,confirmation) VALUES (5,"2022/05/07",5,"Y");
INSERT INTO shift(employee_id,date,shift_pattern_id,confirmation) VALUES (5,"2022/05/08",5,"Y");
INSERT INTO shift(employee_id,date,shift_pattern_id,confirmation) VALUES (5,"2022/05/09",3,"Y");
INSERT INTO shift(employee_id,date,shift_pattern_id,confirmation) VALUES (5,"2022/05/10",3,"Y");
INSERT INTO shift(employee_id,date,shift_pattern_id,confirmation) VALUES (5,"2022/05/11",3,"Y");
INSERT INTO shift(employee_id,date,shift_pattern_id,confirmation) VALUES (5,"2022/05/12",3,"Y");
INSERT INTO shift(employee_id,date,shift_pattern_id,confirmation) VALUES (5,"2022/05/13",3,"Y");
INSERT INTO shift(employee_id,date,shift_pattern_id,confirmation) VALUES (5,"2022/05/14",5,"Y");
INSERT INTO shift(employee_id,date,shift_pattern_id,confirmation) VALUES (5,"2022/05/15",5,"Y");
INSERT INTO shift(employee_id,date,shift_pattern_id,confirmation) VALUES (5,"2022/05/16",3,"Y");
INSERT INTO shift(employee_id,date,shift_pattern_id,confirmation) VALUES (5,"2022/05/17",3,"Y");
INSERT INTO shift(employee_id,date,shift_pattern_id,confirmation) VALUES (5,"2022/05/18",3,"Y");
INSERT INTO shift(employee_id,date,shift_pattern_id,confirmation) VALUES (5,"2022/05/19",3,"Y");
INSERT INTO shift(employee_id,date,shift_pattern_id,confirmation) VALUES (5,"2022/05/20",3,"Y");
INSERT INTO shift(employee_id,date,shift_pattern_id,confirmation) VALUES (5,"2022/05/21",5,"Y");
INSERT INTO shift(employee_id,date,shift_pattern_id,confirmation) VALUES (5,"2022/05/22",5,"Y");
INSERT INTO shift(employee_id,date,shift_pattern_id,confirmation) VALUES (5,"2022/05/23",3,"Y");
INSERT INTO shift(employee_id,date,shift_pattern_id,confirmation) VALUES (5,"2022/05/24",3,"Y");
INSERT INTO shift(employee_id,date,shift_pattern_id,confirmation) VALUES (5,"2022/05/25",3,"Y");
INSERT INTO shift(employee_id,date,shift_pattern_id,confirmation) VALUES (5,"2022/05/26",3,"Y");
INSERT INTO shift(employee_id,date,shift_pattern_id,confirmation) VALUES (5,"2022/05/27",3,"Y");
INSERT INTO shift(employee_id,date,shift_pattern_id,confirmation) VALUES (5,"2022/05/28",5,"Y");
INSERT INTO shift(employee_id,date,shift_pattern_id,confirmation) VALUES (5,"2022/05/29",5,"Y");
INSERT INTO shift(employee_id,date,shift_pattern_id,confirmation) VALUES (5,"2022/05/30",3,"Y");
INSERT INTO shift(employee_id,date,shift_pattern_id,confirmation) VALUES (5,"2022/05/31",3,"Y");
INSERT INTO shift(employee_id,date,shift_pattern_id,confirmation) VALUES (6,"2022/05/01",5,"Y");
INSERT INTO shift(employee_id,date,shift_pattern_id,confirmation) VALUES (6,"2022/05/02",1,"Y");
INSERT INTO shift(employee_id,date,shift_pattern_id,confirmation) VALUES (6,"2022/05/03",5,"Y");
INSERT INTO shift(employee_id,date,shift_pattern_id,confirmation) VALUES (6,"2022/05/04",5,"Y");
INSERT INTO shift(employee_id,date,shift_pattern_id,confirmation) VALUES (6,"2022/05/05",5,"Y");
INSERT INTO shift(employee_id,date,shift_pattern_id,confirmation) VALUES (6,"2022/05/06",1,"Y");
INSERT INTO shift(employee_id,date,shift_pattern_id,confirmation) VALUES (6,"2022/05/07",5,"Y");
INSERT INTO shift(employee_id,date,shift_pattern_id,confirmation) VALUES (6,"2022/05/08",5,"Y");
INSERT INTO shift(employee_id,date,shift_pattern_id,confirmation) VALUES (6,"2022/05/09",1,"Y");
INSERT INTO shift(employee_id,date,shift_pattern_id,confirmation) VALUES (6,"2022/05/10",1,"Y");
INSERT INTO shift(employee_id,date,shift_pattern_id,confirmation) VALUES (6,"2022/05/11",1,"Y");
INSERT INTO shift(employee_id,date,shift_pattern_id,confirmation) VALUES (6,"2022/05/12",1,"Y");
INSERT INTO shift(employee_id,date,shift_pattern_id,confirmation) VALUES (6,"2022/05/13",1,"Y");
INSERT INTO shift(employee_id,date,shift_pattern_id,confirmation) VALUES (6,"2022/05/14",5,"Y");
INSERT INTO shift(employee_id,date,shift_pattern_id,confirmation) VALUES (6,"2022/05/15",5,"Y");
INSERT INTO shift(employee_id,date,shift_pattern_id,confirmation) VALUES (6,"2022/05/16",1,"Y");
INSERT INTO shift(employee_id,date,shift_pattern_id,confirmation) VALUES (6,"2022/05/17",1,"Y");
INSERT INTO shift(employee_id,date,shift_pattern_id,confirmation) VALUES (6,"2022/05/18",1,"Y");
INSERT INTO shift(employee_id,date,shift_pattern_id,confirmation) VALUES (6,"2022/05/19",1,"Y");
INSERT INTO shift(employee_id,date,shift_pattern_id,confirmation) VALUES (6,"2022/05/20",1,"Y");
INSERT INTO shift(employee_id,date,shift_pattern_id,confirmation) VALUES (6,"2022/05/21",5,"Y");
INSERT INTO shift(employee_id,date,shift_pattern_id,confirmation) VALUES (6,"2022/05/22",5,"Y");
INSERT INTO shift(employee_id,date,shift_pattern_id,confirmation) VALUES (6,"2022/05/23",1,"Y");
INSERT INTO shift(employee_id,date,shift_pattern_id,confirmation) VALUES (6,"2022/05/24",1,"Y");
INSERT INTO shift(employee_id,date,shift_pattern_id,confirmation) VALUES (6,"2022/05/25",1,"Y");
INSERT INTO shift(employee_id,date,shift_pattern_id,confirmation) VALUES (6,"2022/05/26",1,"Y");
INSERT INTO shift(employee_id,date,shift_pattern_id,confirmation) VALUES (6,"2022/05/27",1,"Y");
INSERT INTO shift(employee_id,date,shift_pattern_id,confirmation) VALUES (6,"2022/05/28",5,"Y");
INSERT INTO shift(employee_id,date,shift_pattern_id,confirmation) VALUES (6,"2022/05/29",5,"Y");
INSERT INTO shift(employee_id,date,shift_pattern_id,confirmation) VALUES (6,"2022/05/30",1,"Y");
INSERT INTO shift(employee_id,date,shift_pattern_id,confirmation) VALUES (6,"2022/05/31",1,"Y");
INSERT INTO shift(employee_id,date,shift_pattern_id,confirmation) VALUES (7,"2022/05/01",5,"Y");
INSERT INTO shift(employee_id,date,shift_pattern_id,confirmation) VALUES (7,"2022/05/02",3,"Y");
INSERT INTO shift(employee_id,date,shift_pattern_id,confirmation) VALUES (7,"2022/05/03",5,"Y");
INSERT INTO shift(employee_id,date,shift_pattern_id,confirmation) VALUES (7,"2022/05/04",5,"Y");
INSERT INTO shift(employee_id,date,shift_pattern_id,confirmation) VALUES (7,"2022/05/05",5,"Y");
INSERT INTO shift(employee_id,date,shift_pattern_id,confirmation) VALUES (7,"2022/05/06",3,"Y");
INSERT INTO shift(employee_id,date,shift_pattern_id,confirmation) VALUES (7,"2022/05/07",5,"Y");
INSERT INTO shift(employee_id,date,shift_pattern_id,confirmation) VALUES (7,"2022/05/08",5,"Y");
INSERT INTO shift(employee_id,date,shift_pattern_id,confirmation) VALUES (7,"2022/05/09",3,"Y");
INSERT INTO shift(employee_id,date,shift_pattern_id,confirmation) VALUES (7,"2022/05/10",3,"Y");
INSERT INTO shift(employee_id,date,shift_pattern_id,confirmation) VALUES (7,"2022/05/11",3,"Y");
INSERT INTO shift(employee_id,date,shift_pattern_id,confirmation) VALUES (7,"2022/05/12",3,"Y");
INSERT INTO shift(employee_id,date,shift_pattern_id,confirmation) VALUES (7,"2022/05/13",3,"Y");
INSERT INTO shift(employee_id,date,shift_pattern_id,confirmation) VALUES (7,"2022/05/14",5,"Y");
INSERT INTO shift(employee_id,date,shift_pattern_id,confirmation) VALUES (7,"2022/05/15",5,"Y");
INSERT INTO shift(employee_id,date,shift_pattern_id,confirmation) VALUES (7,"2022/05/16",3,"Y");
INSERT INTO shift(employee_id,date,shift_pattern_id,confirmation) VALUES (7,"2022/05/17",3,"Y");
INSERT INTO shift(employee_id,date,shift_pattern_id,confirmation) VALUES (7,"2022/05/18",3,"Y");
INSERT INTO shift(employee_id,date,shift_pattern_id,confirmation) VALUES (7,"2022/05/19",3,"Y");
INSERT INTO shift(employee_id,date,shift_pattern_id,confirmation) VALUES (7,"2022/05/20",3,"Y");
INSERT INTO shift(employee_id,date,shift_pattern_id,confirmation) VALUES (7,"2022/05/21",5,"Y");
INSERT INTO shift(employee_id,date,shift_pattern_id,confirmation) VALUES (7,"2022/05/22",5,"Y");
INSERT INTO shift(employee_id,date,shift_pattern_id,confirmation) VALUES (7,"2022/05/23",3,"Y");
INSERT INTO shift(employee_id,date,shift_pattern_id,confirmation) VALUES (7,"2022/05/24",3,"Y");
INSERT INTO shift(employee_id,date,shift_pattern_id,confirmation) VALUES (7,"2022/05/25",3,"Y");
INSERT INTO shift(employee_id,date,shift_pattern_id,confirmation) VALUES (7,"2022/05/26",3,"Y");
INSERT INTO shift(employee_id,date,shift_pattern_id,confirmation) VALUES (7,"2022/05/27",3,"Y");
INSERT INTO shift(employee_id,date,shift_pattern_id,confirmation) VALUES (7,"2022/05/28",5,"Y");
INSERT INTO shift(employee_id,date,shift_pattern_id,confirmation) VALUES (7,"2022/05/29",5,"Y");
INSERT INTO shift(employee_id,date,shift_pattern_id,confirmation) VALUES (7,"2022/05/30",3,"Y");
INSERT INTO shift(employee_id,date,shift_pattern_id,confirmation) VALUES (7,"2022/05/31",3,"Y");
INSERT INTO shift(employee_id,date,shift_pattern_id,confirmation) VALUES (8,"2022/05/01",5,"Y");
INSERT INTO shift(employee_id,date,shift_pattern_id,confirmation) VALUES (8,"2022/05/02",4,"Y");
INSERT INTO shift(employee_id,date,shift_pattern_id,confirmation) VALUES (8,"2022/05/03",5,"Y");
INSERT INTO shift(employee_id,date,shift_pattern_id,confirmation) VALUES (8,"2022/05/04",5,"Y");
INSERT INTO shift(employee_id,date,shift_pattern_id,confirmation) VALUES (8,"2022/05/05",5,"Y");
INSERT INTO shift(employee_id,date,shift_pattern_id,confirmation) VALUES (8,"2022/05/06",4,"Y");
INSERT INTO shift(employee_id,date,shift_pattern_id,confirmation) VALUES (8,"2022/05/07",5,"Y");
INSERT INTO shift(employee_id,date,shift_pattern_id,confirmation) VALUES (8,"2022/05/08",5,"Y");
INSERT INTO shift(employee_id,date,shift_pattern_id,confirmation) VALUES (8,"2022/05/09",4,"Y");
INSERT INTO shift(employee_id,date,shift_pattern_id,confirmation) VALUES (8,"2022/05/10",4,"Y");
INSERT INTO shift(employee_id,date,shift_pattern_id,confirmation) VALUES (8,"2022/05/11",4,"Y");
INSERT INTO shift(employee_id,date,shift_pattern_id,confirmation) VALUES (8,"2022/05/12",4,"Y");
INSERT INTO shift(employee_id,date,shift_pattern_id,confirmation) VALUES (8,"2022/05/13",4,"Y");
INSERT INTO shift(employee_id,date,shift_pattern_id,confirmation) VALUES (8,"2022/05/14",5,"Y");
INSERT INTO shift(employee_id,date,shift_pattern_id,confirmation) VALUES (8,"2022/05/15",5,"Y");
INSERT INTO shift(employee_id,date,shift_pattern_id,confirmation) VALUES (8,"2022/05/16",4,"Y");
INSERT INTO shift(employee_id,date,shift_pattern_id,confirmation) VALUES (8,"2022/05/17",4,"Y");
INSERT INTO shift(employee_id,date,shift_pattern_id,confirmation) VALUES (8,"2022/05/18",4,"Y");
INSERT INTO shift(employee_id,date,shift_pattern_id,confirmation) VALUES (8,"2022/05/19",4,"Y");
INSERT INTO shift(employee_id,date,shift_pattern_id,confirmation) VALUES (8,"2022/05/20",4,"Y");
INSERT INTO shift(employee_id,date,shift_pattern_id,confirmation) VALUES (8,"2022/05/21",5,"Y");
INSERT INTO shift(employee_id,date,shift_pattern_id,confirmation) VALUES (8,"2022/05/22",5,"Y");
INSERT INTO shift(employee_id,date,shift_pattern_id,confirmation) VALUES (8,"2022/05/23",4,"Y");
INSERT INTO shift(employee_id,date,shift_pattern_id,confirmation) VALUES (8,"2022/05/24",4,"Y");
INSERT INTO shift(employee_id,date,shift_pattern_id,confirmation) VALUES (8,"2022/05/25",4,"Y");
INSERT INTO shift(employee_id,date,shift_pattern_id,confirmation) VALUES (8,"2022/05/26",4,"Y");
INSERT INTO shift(employee_id,date,shift_pattern_id,confirmation) VALUES (8,"2022/05/27",4,"Y");
INSERT INTO shift(employee_id,date,shift_pattern_id,confirmation) VALUES (8,"2022/05/28",5,"Y");
INSERT INTO shift(employee_id,date,shift_pattern_id,confirmation) VALUES (8,"2022/05/29",5,"Y");
INSERT INTO shift(employee_id,date,shift_pattern_id,confirmation) VALUES (8,"2022/05/30",4,"Y");
INSERT INTO shift(employee_id,date,shift_pattern_id,confirmation) VALUES (8,"2022/05/31",4,"Y");
INSERT INTO shift(employee_id,date,shift_pattern_id,confirmation) VALUES (9,"2022/05/01",5,"Y");
INSERT INTO shift(employee_id,date,shift_pattern_id,confirmation) VALUES (9,"2022/05/02",3,"Y");
INSERT INTO shift(employee_id,date,shift_pattern_id,confirmation) VALUES (9,"2022/05/03",5,"Y");
INSERT INTO shift(employee_id,date,shift_pattern_id,confirmation) VALUES (9,"2022/05/04",5,"Y");
INSERT INTO shift(employee_id,date,shift_pattern_id,confirmation) VALUES (9,"2022/05/05",5,"Y");
INSERT INTO shift(employee_id,date,shift_pattern_id,confirmation) VALUES (9,"2022/05/06",3,"Y");
INSERT INTO shift(employee_id,date,shift_pattern_id,confirmation) VALUES (9,"2022/05/07",5,"Y");
INSERT INTO shift(employee_id,date,shift_pattern_id,confirmation) VALUES (9,"2022/05/08",5,"Y");
INSERT INTO shift(employee_id,date,shift_pattern_id,confirmation) VALUES (9,"2022/05/09",3,"Y");
INSERT INTO shift(employee_id,date,shift_pattern_id,confirmation) VALUES (9,"2022/05/10",3,"Y");
INSERT INTO shift(employee_id,date,shift_pattern_id,confirmation) VALUES (9,"2022/05/11",3,"Y");
INSERT INTO shift(employee_id,date,shift_pattern_id,confirmation) VALUES (9,"2022/05/12",3,"Y");
INSERT INTO shift(employee_id,date,shift_pattern_id,confirmation) VALUES (9,"2022/05/13",3,"Y");
INSERT INTO shift(employee_id,date,shift_pattern_id,confirmation) VALUES (9,"2022/05/14",5,"Y");
INSERT INTO shift(employee_id,date,shift_pattern_id,confirmation) VALUES (9,"2022/05/15",5,"Y");
INSERT INTO shift(employee_id,date,shift_pattern_id,confirmation) VALUES (9,"2022/05/16",3,"Y");
INSERT INTO shift(employee_id,date,shift_pattern_id,confirmation) VALUES (9,"2022/05/17",3,"Y");
INSERT INTO shift(employee_id,date,shift_pattern_id,confirmation) VALUES (9,"2022/05/18",3,"Y");
INSERT INTO shift(employee_id,date,shift_pattern_id,confirmation) VALUES (9,"2022/05/19",3,"Y");
INSERT INTO shift(employee_id,date,shift_pattern_id,confirmation) VALUES (9,"2022/05/20",3,"Y");
INSERT INTO shift(employee_id,date,shift_pattern_id,confirmation) VALUES (9,"2022/05/21",5,"Y");
INSERT INTO shift(employee_id,date,shift_pattern_id,confirmation) VALUES (9,"2022/05/22",5,"Y");
INSERT INTO shift(employee_id,date,shift_pattern_id,confirmation) VALUES (9,"2022/05/23",3,"Y");
INSERT INTO shift(employee_id,date,shift_pattern_id,confirmation) VALUES (9,"2022/05/24",3,"Y");
INSERT INTO shift(employee_id,date,shift_pattern_id,confirmation) VALUES (9,"2022/05/25",3,"Y");
INSERT INTO shift(employee_id,date,shift_pattern_id,confirmation) VALUES (9,"2022/05/26",3,"Y");
INSERT INTO shift(employee_id,date,shift_pattern_id,confirmation) VALUES (9,"2022/05/27",3,"Y");
INSERT INTO shift(employee_id,date,shift_pattern_id,confirmation) VALUES (9,"2022/05/28",5,"Y");
INSERT INTO shift(employee_id,date,shift_pattern_id,confirmation) VALUES (9,"2022/05/29",5,"Y");
INSERT INTO shift(employee_id,date,shift_pattern_id,confirmation) VALUES (9,"2022/05/30",3,"Y");
INSERT INTO shift(employee_id,date,shift_pattern_id,confirmation) VALUES (9,"2022/05/31",3,"Y");
INSERT INTO shift(employee_id,date,shift_pattern_id,confirmation) VALUES (10,"2022/05/01",5,"Y");
INSERT INTO shift(employee_id,date,shift_pattern_id,confirmation) VALUES (10,"2022/05/02",4,"Y");
INSERT INTO shift(employee_id,date,shift_pattern_id,confirmation) VALUES (10,"2022/05/03",5,"Y");
INSERT INTO shift(employee_id,date,shift_pattern_id,confirmation) VALUES (10,"2022/05/04",5,"Y");
INSERT INTO shift(employee_id,date,shift_pattern_id,confirmation) VALUES (10,"2022/05/05",5,"Y");
INSERT INTO shift(employee_id,date,shift_pattern_id,confirmation) VALUES (10,"2022/05/06",4,"Y");
INSERT INTO shift(employee_id,date,shift_pattern_id,confirmation) VALUES (10,"2022/05/07",5,"Y");
INSERT INTO shift(employee_id,date,shift_pattern_id,confirmation) VALUES (10,"2022/05/08",5,"Y");
INSERT INTO shift(employee_id,date,shift_pattern_id,confirmation) VALUES (10,"2022/05/09",4,"Y");
INSERT INTO shift(employee_id,date,shift_pattern_id,confirmation) VALUES (10,"2022/05/10",4,"Y");
INSERT INTO shift(employee_id,date,shift_pattern_id,confirmation) VALUES (10,"2022/05/11",4,"Y");
INSERT INTO shift(employee_id,date,shift_pattern_id,confirmation) VALUES (10,"2022/05/12",4,"Y");
INSERT INTO shift(employee_id,date,shift_pattern_id,confirmation) VALUES (10,"2022/05/13",4,"Y");
INSERT INTO shift(employee_id,date,shift_pattern_id,confirmation) VALUES (10,"2022/05/14",5,"Y");
INSERT INTO shift(employee_id,date,shift_pattern_id,confirmation) VALUES (10,"2022/05/15",5,"Y");
INSERT INTO shift(employee_id,date,shift_pattern_id,confirmation) VALUES (10,"2022/05/16",4,"Y");
INSERT INTO shift(employee_id,date,shift_pattern_id,confirmation) VALUES (10,"2022/05/17",4,"Y");
INSERT INTO shift(employee_id,date,shift_pattern_id,confirmation) VALUES (10,"2022/05/18",4,"Y");
INSERT INTO shift(employee_id,date,shift_pattern_id,confirmation) VALUES (10,"2022/05/19",4,"Y");
INSERT INTO shift(employee_id,date,shift_pattern_id,confirmation) VALUES (10,"2022/05/20",4,"Y");
INSERT INTO shift(employee_id,date,shift_pattern_id,confirmation) VALUES (10,"2022/05/21",5,"Y");
INSERT INTO shift(employee_id,date,shift_pattern_id,confirmation) VALUES (10,"2022/05/22",5,"Y");
INSERT INTO shift(employee_id,date,shift_pattern_id,confirmation) VALUES (10,"2022/05/23",4,"Y");
INSERT INTO shift(employee_id,date,shift_pattern_id,confirmation) VALUES (10,"2022/05/24",4,"Y");
INSERT INTO shift(employee_id,date,shift_pattern_id,confirmation) VALUES (10,"2022/05/25",4,"Y");
INSERT INTO shift(employee_id,date,shift_pattern_id,confirmation) VALUES (10,"2022/05/26",4,"Y");
INSERT INTO shift(employee_id,date,shift_pattern_id,confirmation) VALUES (10,"2022/05/27",4,"Y");
INSERT INTO shift(employee_id,date,shift_pattern_id,confirmation) VALUES (10,"2022/05/28",5,"Y");
INSERT INTO shift(employee_id,date,shift_pattern_id,confirmation) VALUES (10,"2022/05/29",5,"Y");
INSERT INTO shift(employee_id,date,shift_pattern_id,confirmation) VALUES (10,"2022/05/30",4,"Y");
INSERT INTO shift(employee_id,date,shift_pattern_id,confirmation) VALUES (10,"2022/05/31",4,"Y");
INSERT INTO shift(employee_id,date,shift_pattern_id,confirmation) VALUES (1,"2022/06/01",2,"Y");
INSERT INTO shift(employee_id,date,shift_pattern_id,confirmation) VALUES (1,"2022/06/02",2,"Y");
INSERT INTO shift(employee_id,date,shift_pattern_id,confirmation) VALUES (1,"2022/06/03",2,"Y");
INSERT INTO shift(employee_id,date,shift_pattern_id,confirmation) VALUES (1,"2022/06/04",5,"Y");
INSERT INTO shift(employee_id,date,shift_pattern_id,confirmation) VALUES (1,"2022/06/05",5,"Y");
INSERT INTO shift(employee_id,date,shift_pattern_id,confirmation) VALUES (1,"2022/06/06",2,"Y");
INSERT INTO shift(employee_id,date,shift_pattern_id,confirmation) VALUES (1,"2022/06/07",2,"Y");
INSERT INTO shift(employee_id,date,shift_pattern_id,confirmation) VALUES (1,"2022/06/08",2,"Y");
INSERT INTO shift(employee_id,date,shift_pattern_id,confirmation) VALUES (1,"2022/06/09",2,"Y");
INSERT INTO shift(employee_id,date,shift_pattern_id,confirmation) VALUES (1,"2022/06/10",2,"Y");
INSERT INTO shift(employee_id,date,shift_pattern_id,confirmation) VALUES (1,"2022/06/11",5,"Y");
INSERT INTO shift(employee_id,date,shift_pattern_id,confirmation) VALUES (1,"2022/06/12",5,"Y");
INSERT INTO shift(employee_id,date,shift_pattern_id,confirmation) VALUES (1,"2022/06/13",2,"Y");
INSERT INTO shift(employee_id,date,shift_pattern_id,confirmation) VALUES (1,"2022/06/14",2,"Y");
INSERT INTO shift(employee_id,date,shift_pattern_id,confirmation) VALUES (1,"2022/06/15",2,"Y");
INSERT INTO shift(employee_id,date,shift_pattern_id,confirmation) VALUES (1,"2022/06/16",2,"Y");
INSERT INTO shift(employee_id,date,shift_pattern_id,confirmation) VALUES (1,"2022/06/17",2,"Y");
INSERT INTO shift(employee_id,date,shift_pattern_id,confirmation) VALUES (1,"2022/06/18",5,"Y");
INSERT INTO shift(employee_id,date,shift_pattern_id,confirmation) VALUES (1,"2022/06/19",5,"Y");
INSERT INTO shift(employee_id,date,shift_pattern_id,confirmation) VALUES (1,"2022/06/20",2,"Y");
INSERT INTO shift(employee_id,date,shift_pattern_id,confirmation) VALUES (1,"2022/06/21",2,"Y");
INSERT INTO shift(employee_id,date,shift_pattern_id,confirmation) VALUES (1,"2022/06/22",2,"Y");
INSERT INTO shift(employee_id,date,shift_pattern_id,confirmation) VALUES (1,"2022/06/23",2,"Y");
INSERT INTO shift(employee_id,date,shift_pattern_id,confirmation) VALUES (1,"2022/06/24",2,"Y");
INSERT INTO shift(employee_id,date,shift_pattern_id,confirmation) VALUES (1,"2022/06/25",5,"Y");
INSERT INTO shift(employee_id,date,shift_pattern_id,confirmation) VALUES (1,"2022/06/26",5,"Y");
INSERT INTO shift(employee_id,date,shift_pattern_id,confirmation) VALUES (1,"2022/06/27",2,"Y");
INSERT INTO shift(employee_id,date,shift_pattern_id,confirmation) VALUES (1,"2022/06/28",2,"Y");
INSERT INTO shift(employee_id,date,shift_pattern_id,confirmation) VALUES (1,"2022/06/29",2,"Y");
INSERT INTO shift(employee_id,date,shift_pattern_id,confirmation) VALUES (1,"2022/06/30",2,"Y");
INSERT INTO shift(employee_id,date,shift_pattern_id,confirmation) VALUES (2,"2022/06/01",2,"Y");
INSERT INTO shift(employee_id,date,shift_pattern_id,confirmation) VALUES (2,"2022/06/02",2,"Y");
INSERT INTO shift(employee_id,date,shift_pattern_id,confirmation) VALUES (2,"2022/06/03",2,"Y");
INSERT INTO shift(employee_id,date,shift_pattern_id,confirmation) VALUES (2,"2022/06/04",5,"Y");
INSERT INTO shift(employee_id,date,shift_pattern_id,confirmation) VALUES (2,"2022/06/05",5,"Y");
INSERT INTO shift(employee_id,date,shift_pattern_id,confirmation) VALUES (2,"2022/06/06",2,"Y");
INSERT INTO shift(employee_id,date,shift_pattern_id,confirmation) VALUES (2,"2022/06/07",2,"Y");
INSERT INTO shift(employee_id,date,shift_pattern_id,confirmation) VALUES (2,"2022/06/08",2,"Y");
INSERT INTO shift(employee_id,date,shift_pattern_id,confirmation) VALUES (2,"2022/06/09",2,"Y");
INSERT INTO shift(employee_id,date,shift_pattern_id,confirmation) VALUES (2,"2022/06/10",2,"Y");
INSERT INTO shift(employee_id,date,shift_pattern_id,confirmation) VALUES (2,"2022/06/11",5,"Y");
INSERT INTO shift(employee_id,date,shift_pattern_id,confirmation) VALUES (2,"2022/06/12",5,"Y");
INSERT INTO shift(employee_id,date,shift_pattern_id,confirmation) VALUES (2,"2022/06/13",2,"Y");
INSERT INTO shift(employee_id,date,shift_pattern_id,confirmation) VALUES (2,"2022/06/14",2,"Y");
INSERT INTO shift(employee_id,date,shift_pattern_id,confirmation) VALUES (2,"2022/06/15",2,"Y");
INSERT INTO shift(employee_id,date,shift_pattern_id,confirmation) VALUES (2,"2022/06/16",2,"Y");
INSERT INTO shift(employee_id,date,shift_pattern_id,confirmation) VALUES (2,"2022/06/17",2,"Y");
INSERT INTO shift(employee_id,date,shift_pattern_id,confirmation) VALUES (2,"2022/06/18",5,"Y");
INSERT INTO shift(employee_id,date,shift_pattern_id,confirmation) VALUES (2,"2022/06/19",5,"Y");
INSERT INTO shift(employee_id,date,shift_pattern_id,confirmation) VALUES (2,"2022/06/20",2,"Y");
INSERT INTO shift(employee_id,date,shift_pattern_id,confirmation) VALUES (2,"2022/06/21",2,"Y");
INSERT INTO shift(employee_id,date,shift_pattern_id,confirmation) VALUES (2,"2022/06/22",2,"Y");
INSERT INTO shift(employee_id,date,shift_pattern_id,confirmation) VALUES (2,"2022/06/23",2,"Y");
INSERT INTO shift(employee_id,date,shift_pattern_id,confirmation) VALUES (2,"2022/06/24",2,"Y");
INSERT INTO shift(employee_id,date,shift_pattern_id,confirmation) VALUES (2,"2022/06/25",5,"Y");
INSERT INTO shift(employee_id,date,shift_pattern_id,confirmation) VALUES (2,"2022/06/26",5,"Y");
INSERT INTO shift(employee_id,date,shift_pattern_id,confirmation) VALUES (2,"2022/06/27",2,"Y");
INSERT INTO shift(employee_id,date,shift_pattern_id,confirmation) VALUES (2,"2022/06/28",2,"Y");
INSERT INTO shift(employee_id,date,shift_pattern_id,confirmation) VALUES (2,"2022/06/29",2,"Y");
INSERT INTO shift(employee_id,date,shift_pattern_id,confirmation) VALUES (2,"2022/06/30",2,"Y");
INSERT INTO shift(employee_id,date,shift_pattern_id,confirmation) VALUES (3,"2022/06/01",2,"Y");
INSERT INTO shift(employee_id,date,shift_pattern_id,confirmation) VALUES (3,"2022/06/02",2,"Y");
INSERT INTO shift(employee_id,date,shift_pattern_id,confirmation) VALUES (3,"2022/06/03",2,"Y");
INSERT INTO shift(employee_id,date,shift_pattern_id,confirmation) VALUES (3,"2022/06/04",5,"Y");
INSERT INTO shift(employee_id,date,shift_pattern_id,confirmation) VALUES (3,"2022/06/05",5,"Y");
INSERT INTO shift(employee_id,date,shift_pattern_id,confirmation) VALUES (3,"2022/06/06",2,"Y");
INSERT INTO shift(employee_id,date,shift_pattern_id,confirmation) VALUES (3,"2022/06/07",2,"Y");
INSERT INTO shift(employee_id,date,shift_pattern_id,confirmation) VALUES (3,"2022/06/08",2,"Y");
INSERT INTO shift(employee_id,date,shift_pattern_id,confirmation) VALUES (3,"2022/06/09",2,"Y");
INSERT INTO shift(employee_id,date,shift_pattern_id,confirmation) VALUES (3,"2022/06/10",2,"Y");
INSERT INTO shift(employee_id,date,shift_pattern_id,confirmation) VALUES (3,"2022/06/11",5,"Y");
INSERT INTO shift(employee_id,date,shift_pattern_id,confirmation) VALUES (3,"2022/06/12",5,"Y");
INSERT INTO shift(employee_id,date,shift_pattern_id,confirmation) VALUES (3,"2022/06/13",2,"Y");
INSERT INTO shift(employee_id,date,shift_pattern_id,confirmation) VALUES (3,"2022/06/14",2,"Y");
INSERT INTO shift(employee_id,date,shift_pattern_id,confirmation) VALUES (3,"2022/06/15",2,"Y");
INSERT INTO shift(employee_id,date,shift_pattern_id,confirmation) VALUES (3,"2022/06/16",2,"Y");
INSERT INTO shift(employee_id,date,shift_pattern_id,confirmation) VALUES (3,"2022/06/17",2,"Y");
INSERT INTO shift(employee_id,date,shift_pattern_id,confirmation) VALUES (3,"2022/06/18",5,"Y");
INSERT INTO shift(employee_id,date,shift_pattern_id,confirmation) VALUES (3,"2022/06/19",5,"Y");
INSERT INTO shift(employee_id,date,shift_pattern_id,confirmation) VALUES (3,"2022/06/20",2,"Y");
INSERT INTO shift(employee_id,date,shift_pattern_id,confirmation) VALUES (3,"2022/06/21",2,"Y");
INSERT INTO shift(employee_id,date,shift_pattern_id,confirmation) VALUES (3,"2022/06/22",2,"Y");
INSERT INTO shift(employee_id,date,shift_pattern_id,confirmation) VALUES (3,"2022/06/23",2,"Y");
INSERT INTO shift(employee_id,date,shift_pattern_id,confirmation) VALUES (3,"2022/06/24",2,"Y");
INSERT INTO shift(employee_id,date,shift_pattern_id,confirmation) VALUES (3,"2022/06/25",5,"Y");
INSERT INTO shift(employee_id,date,shift_pattern_id,confirmation) VALUES (3,"2022/06/26",5,"Y");
INSERT INTO shift(employee_id,date,shift_pattern_id,confirmation) VALUES (3,"2022/06/27",2,"Y");
INSERT INTO shift(employee_id,date,shift_pattern_id,confirmation) VALUES (3,"2022/06/28",2,"Y");
INSERT INTO shift(employee_id,date,shift_pattern_id,confirmation) VALUES (3,"2022/06/29",2,"Y");
INSERT INTO shift(employee_id,date,shift_pattern_id,confirmation) VALUES (3,"2022/06/30",2,"Y");
INSERT INTO shift(employee_id,date,shift_pattern_id,confirmation) VALUES (4,"2022/06/01",1,"Y");
INSERT INTO shift(employee_id,date,shift_pattern_id,confirmation) VALUES (4,"2022/06/02",1,"Y");
INSERT INTO shift(employee_id,date,shift_pattern_id,confirmation) VALUES (4,"2022/06/03",1,"Y");
INSERT INTO shift(employee_id,date,shift_pattern_id,confirmation) VALUES (4,"2022/06/04",5,"Y");
INSERT INTO shift(employee_id,date,shift_pattern_id,confirmation) VALUES (4,"2022/06/05",5,"Y");
INSERT INTO shift(employee_id,date,shift_pattern_id,confirmation) VALUES (4,"2022/06/06",1,"Y");
INSERT INTO shift(employee_id,date,shift_pattern_id,confirmation) VALUES (4,"2022/06/07",1,"Y");
INSERT INTO shift(employee_id,date,shift_pattern_id,confirmation) VALUES (4,"2022/06/08",1,"Y");
INSERT INTO shift(employee_id,date,shift_pattern_id,confirmation) VALUES (4,"2022/06/09",1,"Y");
INSERT INTO shift(employee_id,date,shift_pattern_id,confirmation) VALUES (4,"2022/06/10",1,"Y");
INSERT INTO shift(employee_id,date,shift_pattern_id,confirmation) VALUES (4,"2022/06/11",5,"Y");
INSERT INTO shift(employee_id,date,shift_pattern_id,confirmation) VALUES (4,"2022/06/12",5,"Y");
INSERT INTO shift(employee_id,date,shift_pattern_id,confirmation) VALUES (4,"2022/06/13",1,"Y");
INSERT INTO shift(employee_id,date,shift_pattern_id,confirmation) VALUES (4,"2022/06/14",1,"Y");
INSERT INTO shift(employee_id,date,shift_pattern_id,confirmation) VALUES (4,"2022/06/15",1,"Y");
INSERT INTO shift(employee_id,date,shift_pattern_id,confirmation) VALUES (4,"2022/06/16",1,"Y");
INSERT INTO shift(employee_id,date,shift_pattern_id,confirmation) VALUES (4,"2022/06/17",1,"Y");
INSERT INTO shift(employee_id,date,shift_pattern_id,confirmation) VALUES (4,"2022/06/18",5,"Y");
INSERT INTO shift(employee_id,date,shift_pattern_id,confirmation) VALUES (4,"2022/06/19",5,"Y");
INSERT INTO shift(employee_id,date,shift_pattern_id,confirmation) VALUES (4,"2022/06/20",1,"Y");
INSERT INTO shift(employee_id,date,shift_pattern_id,confirmation) VALUES (4,"2022/06/21",1,"Y");
INSERT INTO shift(employee_id,date,shift_pattern_id,confirmation) VALUES (4,"2022/06/22",1,"Y");
INSERT INTO shift(employee_id,date,shift_pattern_id,confirmation) VALUES (4,"2022/06/23",1,"Y");
INSERT INTO shift(employee_id,date,shift_pattern_id,confirmation) VALUES (4,"2022/06/24",1,"Y");
INSERT INTO shift(employee_id,date,shift_pattern_id,confirmation) VALUES (4,"2022/06/25",5,"Y");
INSERT INTO shift(employee_id,date,shift_pattern_id,confirmation) VALUES (4,"2022/06/26",5,"Y");
INSERT INTO shift(employee_id,date,shift_pattern_id,confirmation) VALUES (4,"2022/06/27",1,"Y");
INSERT INTO shift(employee_id,date,shift_pattern_id,confirmation) VALUES (4,"2022/06/28",1,"Y");
INSERT INTO shift(employee_id,date,shift_pattern_id,confirmation) VALUES (4,"2022/06/29",1,"Y");
INSERT INTO shift(employee_id,date,shift_pattern_id,confirmation) VALUES (4,"2022/06/30",1,"Y");
INSERT INTO shift(employee_id,date,shift_pattern_id,confirmation) VALUES (5,"2022/06/01",3,"Y");
INSERT INTO shift(employee_id,date,shift_pattern_id,confirmation) VALUES (5,"2022/06/02",3,"Y");
INSERT INTO shift(employee_id,date,shift_pattern_id,confirmation) VALUES (5,"2022/06/03",3,"Y");
INSERT INTO shift(employee_id,date,shift_pattern_id,confirmation) VALUES (5,"2022/06/04",5,"Y");
INSERT INTO shift(employee_id,date,shift_pattern_id,confirmation) VALUES (5,"2022/06/05",5,"Y");
INSERT INTO shift(employee_id,date,shift_pattern_id,confirmation) VALUES (5,"2022/06/06",3,"Y");
INSERT INTO shift(employee_id,date,shift_pattern_id,confirmation) VALUES (5,"2022/06/07",3,"Y");
INSERT INTO shift(employee_id,date,shift_pattern_id,confirmation) VALUES (5,"2022/06/08",3,"Y");
INSERT INTO shift(employee_id,date,shift_pattern_id,confirmation) VALUES (5,"2022/06/09",3,"Y");
INSERT INTO shift(employee_id,date,shift_pattern_id,confirmation) VALUES (5,"2022/06/10",3,"Y");
INSERT INTO shift(employee_id,date,shift_pattern_id,confirmation) VALUES (5,"2022/06/11",5,"Y");
INSERT INTO shift(employee_id,date,shift_pattern_id,confirmation) VALUES (5,"2022/06/12",5,"Y");
INSERT INTO shift(employee_id,date,shift_pattern_id,confirmation) VALUES (5,"2022/06/13",3,"Y");
INSERT INTO shift(employee_id,date,shift_pattern_id,confirmation) VALUES (5,"2022/06/14",3,"Y");
INSERT INTO shift(employee_id,date,shift_pattern_id,confirmation) VALUES (5,"2022/06/15",3,"Y");
INSERT INTO shift(employee_id,date,shift_pattern_id,confirmation) VALUES (5,"2022/06/16",3,"Y");
INSERT INTO shift(employee_id,date,shift_pattern_id,confirmation) VALUES (5,"2022/06/17",3,"Y");
INSERT INTO shift(employee_id,date,shift_pattern_id,confirmation) VALUES (5,"2022/06/18",5,"Y");
INSERT INTO shift(employee_id,date,shift_pattern_id,confirmation) VALUES (5,"2022/06/19",5,"Y");
INSERT INTO shift(employee_id,date,shift_pattern_id,confirmation) VALUES (5,"2022/06/20",3,"Y");
INSERT INTO shift(employee_id,date,shift_pattern_id,confirmation) VALUES (5,"2022/06/21",3,"Y");
INSERT INTO shift(employee_id,date,shift_pattern_id,confirmation) VALUES (5,"2022/06/22",3,"Y");
INSERT INTO shift(employee_id,date,shift_pattern_id,confirmation) VALUES (5,"2022/06/23",3,"Y");
INSERT INTO shift(employee_id,date,shift_pattern_id,confirmation) VALUES (5,"2022/06/24",3,"Y");
INSERT INTO shift(employee_id,date,shift_pattern_id,confirmation) VALUES (5,"2022/06/25",5,"Y");
INSERT INTO shift(employee_id,date,shift_pattern_id,confirmation) VALUES (5,"2022/06/26",5,"Y");
INSERT INTO shift(employee_id,date,shift_pattern_id,confirmation) VALUES (5,"2022/06/27",3,"Y");
INSERT INTO shift(employee_id,date,shift_pattern_id,confirmation) VALUES (5,"2022/06/28",3,"Y");
INSERT INTO shift(employee_id,date,shift_pattern_id,confirmation) VALUES (5,"2022/06/29",3,"Y");
INSERT INTO shift(employee_id,date,shift_pattern_id,confirmation) VALUES (5,"2022/06/30",3,"Y");
INSERT INTO shift(employee_id,date,shift_pattern_id,confirmation) VALUES (6,"2022/06/01",1,"Y");
INSERT INTO shift(employee_id,date,shift_pattern_id,confirmation) VALUES (6,"2022/06/02",1,"Y");
INSERT INTO shift(employee_id,date,shift_pattern_id,confirmation) VALUES (6,"2022/06/03",1,"Y");
INSERT INTO shift(employee_id,date,shift_pattern_id,confirmation) VALUES (6,"2022/06/04",5,"Y");
INSERT INTO shift(employee_id,date,shift_pattern_id,confirmation) VALUES (6,"2022/06/05",5,"Y");
INSERT INTO shift(employee_id,date,shift_pattern_id,confirmation) VALUES (6,"2022/06/06",1,"Y");
INSERT INTO shift(employee_id,date,shift_pattern_id,confirmation) VALUES (6,"2022/06/07",1,"Y");
INSERT INTO shift(employee_id,date,shift_pattern_id,confirmation) VALUES (6,"2022/06/08",1,"Y");
INSERT INTO shift(employee_id,date,shift_pattern_id,confirmation) VALUES (6,"2022/06/09",1,"Y");
INSERT INTO shift(employee_id,date,shift_pattern_id,confirmation) VALUES (6,"2022/06/10",1,"Y");
INSERT INTO shift(employee_id,date,shift_pattern_id,confirmation) VALUES (6,"2022/06/11",5,"Y");
INSERT INTO shift(employee_id,date,shift_pattern_id,confirmation) VALUES (6,"2022/06/12",5,"Y");
INSERT INTO shift(employee_id,date,shift_pattern_id,confirmation) VALUES (6,"2022/06/13",1,"Y");
INSERT INTO shift(employee_id,date,shift_pattern_id,confirmation) VALUES (6,"2022/06/14",1,"Y");
INSERT INTO shift(employee_id,date,shift_pattern_id,confirmation) VALUES (6,"2022/06/15",1,"Y");
INSERT INTO shift(employee_id,date,shift_pattern_id,confirmation) VALUES (6,"2022/06/16",1,"Y");
INSERT INTO shift(employee_id,date,shift_pattern_id,confirmation) VALUES (6,"2022/06/17",1,"Y");
INSERT INTO shift(employee_id,date,shift_pattern_id,confirmation) VALUES (6,"2022/06/18",5,"Y");
INSERT INTO shift(employee_id,date,shift_pattern_id,confirmation) VALUES (6,"2022/06/19",5,"Y");
INSERT INTO shift(employee_id,date,shift_pattern_id,confirmation) VALUES (6,"2022/06/20",1,"Y");
INSERT INTO shift(employee_id,date,shift_pattern_id,confirmation) VALUES (6,"2022/06/21",1,"Y");
INSERT INTO shift(employee_id,date,shift_pattern_id,confirmation) VALUES (6,"2022/06/22",1,"Y");
INSERT INTO shift(employee_id,date,shift_pattern_id,confirmation) VALUES (6,"2022/06/23",1,"Y");
INSERT INTO shift(employee_id,date,shift_pattern_id,confirmation) VALUES (6,"2022/06/24",1,"Y");
INSERT INTO shift(employee_id,date,shift_pattern_id,confirmation) VALUES (6,"2022/06/25",5,"Y");
INSERT INTO shift(employee_id,date,shift_pattern_id,confirmation) VALUES (6,"2022/06/26",5,"Y");
INSERT INTO shift(employee_id,date,shift_pattern_id,confirmation) VALUES (6,"2022/06/27",1,"Y");
INSERT INTO shift(employee_id,date,shift_pattern_id,confirmation) VALUES (6,"2022/06/28",1,"Y");
INSERT INTO shift(employee_id,date,shift_pattern_id,confirmation) VALUES (6,"2022/06/29",1,"Y");
INSERT INTO shift(employee_id,date,shift_pattern_id,confirmation) VALUES (6,"2022/06/30",1,"Y");
INSERT INTO shift(employee_id,date,shift_pattern_id,confirmation) VALUES (7,"2022/06/01",3,"Y");
INSERT INTO shift(employee_id,date,shift_pattern_id,confirmation) VALUES (7,"2022/06/02",3,"Y");
INSERT INTO shift(employee_id,date,shift_pattern_id,confirmation) VALUES (7,"2022/06/03",3,"Y");
INSERT INTO shift(employee_id,date,shift_pattern_id,confirmation) VALUES (7,"2022/06/04",5,"Y");
INSERT INTO shift(employee_id,date,shift_pattern_id,confirmation) VALUES (7,"2022/06/05",5,"Y");
INSERT INTO shift(employee_id,date,shift_pattern_id,confirmation) VALUES (7,"2022/06/06",3,"Y");
INSERT INTO shift(employee_id,date,shift_pattern_id,confirmation) VALUES (7,"2022/06/07",3,"Y");
INSERT INTO shift(employee_id,date,shift_pattern_id,confirmation) VALUES (7,"2022/06/08",3,"Y");
INSERT INTO shift(employee_id,date,shift_pattern_id,confirmation) VALUES (7,"2022/06/09",3,"Y");
INSERT INTO shift(employee_id,date,shift_pattern_id,confirmation) VALUES (7,"2022/06/10",3,"Y");
INSERT INTO shift(employee_id,date,shift_pattern_id,confirmation) VALUES (7,"2022/06/11",5,"Y");
INSERT INTO shift(employee_id,date,shift_pattern_id,confirmation) VALUES (7,"2022/06/12",5,"Y");
INSERT INTO shift(employee_id,date,shift_pattern_id,confirmation) VALUES (7,"2022/06/13",3,"Y");
INSERT INTO shift(employee_id,date,shift_pattern_id,confirmation) VALUES (7,"2022/06/14",3,"Y");
INSERT INTO shift(employee_id,date,shift_pattern_id,confirmation) VALUES (7,"2022/06/15",3,"Y");
INSERT INTO shift(employee_id,date,shift_pattern_id,confirmation) VALUES (7,"2022/06/16",3,"Y");
INSERT INTO shift(employee_id,date,shift_pattern_id,confirmation) VALUES (7,"2022/06/17",3,"Y");
INSERT INTO shift(employee_id,date,shift_pattern_id,confirmation) VALUES (7,"2022/06/18",5,"Y");
INSERT INTO shift(employee_id,date,shift_pattern_id,confirmation) VALUES (7,"2022/06/19",5,"Y");
INSERT INTO shift(employee_id,date,shift_pattern_id,confirmation) VALUES (7,"2022/06/20",3,"Y");
INSERT INTO shift(employee_id,date,shift_pattern_id,confirmation) VALUES (7,"2022/06/21",3,"Y");
INSERT INTO shift(employee_id,date,shift_pattern_id,confirmation) VALUES (7,"2022/06/22",3,"Y");
INSERT INTO shift(employee_id,date,shift_pattern_id,confirmation) VALUES (7,"2022/06/23",3,"Y");
INSERT INTO shift(employee_id,date,shift_pattern_id,confirmation) VALUES (7,"2022/06/24",3,"Y");
INSERT INTO shift(employee_id,date,shift_pattern_id,confirmation) VALUES (7,"2022/06/25",5,"Y");
INSERT INTO shift(employee_id,date,shift_pattern_id,confirmation) VALUES (7,"2022/06/26",5,"Y");
INSERT INTO shift(employee_id,date,shift_pattern_id,confirmation) VALUES (7,"2022/06/27",3,"Y");
INSERT INTO shift(employee_id,date,shift_pattern_id,confirmation) VALUES (7,"2022/06/28",3,"Y");
INSERT INTO shift(employee_id,date,shift_pattern_id,confirmation) VALUES (7,"2022/06/29",3,"Y");
INSERT INTO shift(employee_id,date,shift_pattern_id,confirmation) VALUES (7,"2022/06/30",3,"Y");
INSERT INTO shift(employee_id,date,shift_pattern_id,confirmation) VALUES (8,"2022/06/01",4,"Y");
INSERT INTO shift(employee_id,date,shift_pattern_id,confirmation) VALUES (8,"2022/06/02",4,"Y");
INSERT INTO shift(employee_id,date,shift_pattern_id,confirmation) VALUES (8,"2022/06/03",4,"Y");
INSERT INTO shift(employee_id,date,shift_pattern_id,confirmation) VALUES (8,"2022/06/04",5,"Y");
INSERT INTO shift(employee_id,date,shift_pattern_id,confirmation) VALUES (8,"2022/06/05",5,"Y");
INSERT INTO shift(employee_id,date,shift_pattern_id,confirmation) VALUES (8,"2022/06/06",4,"Y");
INSERT INTO shift(employee_id,date,shift_pattern_id,confirmation) VALUES (8,"2022/06/07",4,"Y");
INSERT INTO shift(employee_id,date,shift_pattern_id,confirmation) VALUES (8,"2022/06/08",4,"Y");
INSERT INTO shift(employee_id,date,shift_pattern_id,confirmation) VALUES (8,"2022/06/09",4,"Y");
INSERT INTO shift(employee_id,date,shift_pattern_id,confirmation) VALUES (8,"2022/06/10",4,"Y");
INSERT INTO shift(employee_id,date,shift_pattern_id,confirmation) VALUES (8,"2022/06/11",5,"Y");
INSERT INTO shift(employee_id,date,shift_pattern_id,confirmation) VALUES (8,"2022/06/12",5,"Y");
INSERT INTO shift(employee_id,date,shift_pattern_id,confirmation) VALUES (8,"2022/06/13",4,"Y");
INSERT INTO shift(employee_id,date,shift_pattern_id,confirmation) VALUES (8,"2022/06/14",4,"Y");
INSERT INTO shift(employee_id,date,shift_pattern_id,confirmation) VALUES (8,"2022/06/15",4,"Y");
INSERT INTO shift(employee_id,date,shift_pattern_id,confirmation) VALUES (8,"2022/06/16",4,"Y");
INSERT INTO shift(employee_id,date,shift_pattern_id,confirmation) VALUES (8,"2022/06/17",4,"Y");
INSERT INTO shift(employee_id,date,shift_pattern_id,confirmation) VALUES (8,"2022/06/18",5,"Y");
INSERT INTO shift(employee_id,date,shift_pattern_id,confirmation) VALUES (8,"2022/06/19",5,"Y");
INSERT INTO shift(employee_id,date,shift_pattern_id,confirmation) VALUES (8,"2022/06/20",4,"Y");
INSERT INTO shift(employee_id,date,shift_pattern_id,confirmation) VALUES (8,"2022/06/21",4,"Y");
INSERT INTO shift(employee_id,date,shift_pattern_id,confirmation) VALUES (8,"2022/06/22",4,"Y");
INSERT INTO shift(employee_id,date,shift_pattern_id,confirmation) VALUES (8,"2022/06/23",4,"Y");
INSERT INTO shift(employee_id,date,shift_pattern_id,confirmation) VALUES (8,"2022/06/24",4,"Y");
INSERT INTO shift(employee_id,date,shift_pattern_id,confirmation) VALUES (8,"2022/06/25",5,"Y");
INSERT INTO shift(employee_id,date,shift_pattern_id,confirmation) VALUES (8,"2022/06/26",5,"Y");
INSERT INTO shift(employee_id,date,shift_pattern_id,confirmation) VALUES (8,"2022/06/27",4,"Y");
INSERT INTO shift(employee_id,date,shift_pattern_id,confirmation) VALUES (8,"2022/06/28",4,"Y");
INSERT INTO shift(employee_id,date,shift_pattern_id,confirmation) VALUES (8,"2022/06/29",4,"Y");
INSERT INTO shift(employee_id,date,shift_pattern_id,confirmation) VALUES (8,"2022/06/30",4,"Y");
INSERT INTO shift(employee_id,date,shift_pattern_id,confirmation) VALUES (9,"2022/06/01",3,"Y");
INSERT INTO shift(employee_id,date,shift_pattern_id,confirmation) VALUES (9,"2022/06/02",3,"Y");
INSERT INTO shift(employee_id,date,shift_pattern_id,confirmation) VALUES (9,"2022/06/03",3,"Y");
INSERT INTO shift(employee_id,date,shift_pattern_id,confirmation) VALUES (9,"2022/06/04",5,"Y");
INSERT INTO shift(employee_id,date,shift_pattern_id,confirmation) VALUES (9,"2022/06/05",5,"Y");
INSERT INTO shift(employee_id,date,shift_pattern_id,confirmation) VALUES (9,"2022/06/06",3,"Y");
INSERT INTO shift(employee_id,date,shift_pattern_id,confirmation) VALUES (9,"2022/06/07",3,"Y");
INSERT INTO shift(employee_id,date,shift_pattern_id,confirmation) VALUES (9,"2022/06/08",3,"Y");
INSERT INTO shift(employee_id,date,shift_pattern_id,confirmation) VALUES (9,"2022/06/09",3,"Y");
INSERT INTO shift(employee_id,date,shift_pattern_id,confirmation) VALUES (9,"2022/06/10",3,"Y");
INSERT INTO shift(employee_id,date,shift_pattern_id,confirmation) VALUES (9,"2022/06/11",5,"Y");
INSERT INTO shift(employee_id,date,shift_pattern_id,confirmation) VALUES (9,"2022/06/12",5,"Y");
INSERT INTO shift(employee_id,date,shift_pattern_id,confirmation) VALUES (9,"2022/06/13",3,"Y");
INSERT INTO shift(employee_id,date,shift_pattern_id,confirmation) VALUES (9,"2022/06/14",3,"Y");
INSERT INTO shift(employee_id,date,shift_pattern_id,confirmation) VALUES (9,"2022/06/15",3,"Y");
INSERT INTO shift(employee_id,date,shift_pattern_id,confirmation) VALUES (9,"2022/06/16",3,"Y");
INSERT INTO shift(employee_id,date,shift_pattern_id,confirmation) VALUES (9,"2022/06/17",3,"Y");
INSERT INTO shift(employee_id,date,shift_pattern_id,confirmation) VALUES (9,"2022/06/18",5,"Y");
INSERT INTO shift(employee_id,date,shift_pattern_id,confirmation) VALUES (9,"2022/06/19",5,"Y");
INSERT INTO shift(employee_id,date,shift_pattern_id,confirmation) VALUES (9,"2022/06/20",3,"Y");
INSERT INTO shift(employee_id,date,shift_pattern_id,confirmation) VALUES (9,"2022/06/21",3,"Y");
INSERT INTO shift(employee_id,date,shift_pattern_id,confirmation) VALUES (9,"2022/06/22",3,"Y");
INSERT INTO shift(employee_id,date,shift_pattern_id,confirmation) VALUES (9,"2022/06/23",3,"Y");
INSERT INTO shift(employee_id,date,shift_pattern_id,confirmation) VALUES (9,"2022/06/24",3,"Y");
INSERT INTO shift(employee_id,date,shift_pattern_id,confirmation) VALUES (9,"2022/06/25",5,"Y");
INSERT INTO shift(employee_id,date,shift_pattern_id,confirmation) VALUES (9,"2022/06/26",5,"Y");
INSERT INTO shift(employee_id,date,shift_pattern_id,confirmation) VALUES (9,"2022/06/27",3,"Y");
INSERT INTO shift(employee_id,date,shift_pattern_id,confirmation) VALUES (9,"2022/06/28",3,"Y");
INSERT INTO shift(employee_id,date,shift_pattern_id,confirmation) VALUES (9,"2022/06/29",3,"Y");
INSERT INTO shift(employee_id,date,shift_pattern_id,confirmation) VALUES (9,"2022/06/30",3,"Y");
INSERT INTO shift(employee_id,date,shift_pattern_id,confirmation) VALUES (10,"2022/06/01",4,"Y");
INSERT INTO shift(employee_id,date,shift_pattern_id,confirmation) VALUES (10,"2022/06/02",4,"Y");
INSERT INTO shift(employee_id,date,shift_pattern_id,confirmation) VALUES (10,"2022/06/03",4,"Y");
INSERT INTO shift(employee_id,date,shift_pattern_id,confirmation) VALUES (10,"2022/06/04",5,"Y");
INSERT INTO shift(employee_id,date,shift_pattern_id,confirmation) VALUES (10,"2022/06/05",5,"Y");
INSERT INTO shift(employee_id,date,shift_pattern_id,confirmation) VALUES (10,"2022/06/06",4,"Y");
INSERT INTO shift(employee_id,date,shift_pattern_id,confirmation) VALUES (10,"2022/06/07",4,"Y");
INSERT INTO shift(employee_id,date,shift_pattern_id,confirmation) VALUES (10,"2022/06/08",4,"Y");
INSERT INTO shift(employee_id,date,shift_pattern_id,confirmation) VALUES (10,"2022/06/09",4,"Y");
INSERT INTO shift(employee_id,date,shift_pattern_id,confirmation) VALUES (10,"2022/06/10",4,"Y");
INSERT INTO shift(employee_id,date,shift_pattern_id,confirmation) VALUES (10,"2022/06/11",5,"Y");
INSERT INTO shift(employee_id,date,shift_pattern_id,confirmation) VALUES (10,"2022/06/12",5,"Y");
INSERT INTO shift(employee_id,date,shift_pattern_id,confirmation) VALUES (10,"2022/06/13",4,"Y");
INSERT INTO shift(employee_id,date,shift_pattern_id,confirmation) VALUES (10,"2022/06/14",4,"Y");
INSERT INTO shift(employee_id,date,shift_pattern_id,confirmation) VALUES (10,"2022/06/15",4,"Y");
INSERT INTO shift(employee_id,date,shift_pattern_id,confirmation) VALUES (10,"2022/06/16",4,"Y");
INSERT INTO shift(employee_id,date,shift_pattern_id,confirmation) VALUES (10,"2022/06/17",4,"Y");
INSERT INTO shift(employee_id,date,shift_pattern_id,confirmation) VALUES (10,"2022/06/18",5,"Y");
INSERT INTO shift(employee_id,date,shift_pattern_id,confirmation) VALUES (10,"2022/06/19",5,"Y");
INSERT INTO shift(employee_id,date,shift_pattern_id,confirmation) VALUES (10,"2022/06/20",4,"Y");
INSERT INTO shift(employee_id,date,shift_pattern_id,confirmation) VALUES (10,"2022/06/21",4,"Y");
INSERT INTO shift(employee_id,date,shift_pattern_id,confirmation) VALUES (10,"2022/06/22",4,"Y");
INSERT INTO shift(employee_id,date,shift_pattern_id,confirmation) VALUES (10,"2022/06/23",4,"Y");
INSERT INTO shift(employee_id,date,shift_pattern_id,confirmation) VALUES (10,"2022/06/24",4,"Y");
INSERT INTO shift(employee_id,date,shift_pattern_id,confirmation) VALUES (10,"2022/06/25",5,"Y");
INSERT INTO shift(employee_id,date,shift_pattern_id,confirmation) VALUES (10,"2022/06/26",5,"Y");
INSERT INTO shift(employee_id,date,shift_pattern_id,confirmation) VALUES (10,"2022/06/27",4,"Y");
INSERT INTO shift(employee_id,date,shift_pattern_id,confirmation) VALUES (10,"2022/06/28",4,"Y");
INSERT INTO shift(employee_id,date,shift_pattern_id,confirmation) VALUES (10,"2022/06/29",4,"Y");
INSERT INTO shift(employee_id,date,shift_pattern_id,confirmation) VALUES (10,"2022/06/30",4,"Y");
INSERT INTO shift(employee_id,date,shift_pattern_id,confirmation) VALUES (1,"2022/07/01",1,"N");
INSERT INTO shift(employee_id,date,shift_pattern_id,confirmation) VALUES (1,"2022/07/02",5,"N");
INSERT INTO shift(employee_id,date,shift_pattern_id,confirmation) VALUES (1,"2022/07/03",5,"N");
INSERT INTO shift(employee_id,date,shift_pattern_id,confirmation) VALUES (1,"2022/07/04",1,"N");
INSERT INTO shift(employee_id,date,shift_pattern_id,confirmation) VALUES (1,"2022/07/05",1,"N");
INSERT INTO shift(employee_id,date,shift_pattern_id,confirmation) VALUES (1,"2022/07/06",1,"N");
INSERT INTO shift(employee_id,date,shift_pattern_id,confirmation) VALUES (1,"2022/07/07",1,"N");
INSERT INTO shift(employee_id,date,shift_pattern_id,confirmation) VALUES (1,"2022/07/08",1,"N");
INSERT INTO shift(employee_id,date,shift_pattern_id,confirmation) VALUES (1,"2022/07/09",5,"N");
INSERT INTO shift(employee_id,date,shift_pattern_id,confirmation) VALUES (1,"2022/07/10",5,"N");
INSERT INTO shift(employee_id,date,shift_pattern_id,confirmation) VALUES (1,"2022/07/11",1,"N");
INSERT INTO shift(employee_id,date,shift_pattern_id,confirmation) VALUES (1,"2022/07/12",1,"N");
INSERT INTO shift(employee_id,date,shift_pattern_id,confirmation) VALUES (1,"2022/07/13",1,"N");
INSERT INTO shift(employee_id,date,shift_pattern_id,confirmation) VALUES (1,"2022/07/14",1,"N");
INSERT INTO shift(employee_id,date,shift_pattern_id,confirmation) VALUES (1,"2022/07/15",1,"N");
INSERT INTO shift(employee_id,date,shift_pattern_id,confirmation) VALUES (1,"2022/07/16",5,"N");
INSERT INTO shift(employee_id,date,shift_pattern_id,confirmation) VALUES (1,"2022/07/17",5,"N");
INSERT INTO shift(employee_id,date,shift_pattern_id,confirmation) VALUES (1,"2022/07/18",5,"N");
INSERT INTO shift(employee_id,date,shift_pattern_id,confirmation) VALUES (1,"2022/07/19",1,"N");
INSERT INTO shift(employee_id,date,shift_pattern_id,confirmation) VALUES (1,"2022/07/20",1,"N");
INSERT INTO shift(employee_id,date,shift_pattern_id,confirmation) VALUES (1,"2022/07/21",1,"N");
INSERT INTO shift(employee_id,date,shift_pattern_id,confirmation) VALUES (1,"2022/07/22",1,"N");
INSERT INTO shift(employee_id,date,shift_pattern_id,confirmation) VALUES (1,"2022/07/23",5,"N");
INSERT INTO shift(employee_id,date,shift_pattern_id,confirmation) VALUES (1,"2022/07/24",5,"N");
INSERT INTO shift(employee_id,date,shift_pattern_id,confirmation) VALUES (1,"2022/07/25",1,"N");
INSERT INTO shift(employee_id,date,shift_pattern_id,confirmation) VALUES (1,"2022/07/26",1,"N");
INSERT INTO shift(employee_id,date,shift_pattern_id,confirmation) VALUES (1,"2022/07/27",1,"N");
INSERT INTO shift(employee_id,date,shift_pattern_id,confirmation) VALUES (1,"2022/07/28",1,"N");
INSERT INTO shift(employee_id,date,shift_pattern_id,confirmation) VALUES (1,"2022/07/29",1,"N");
INSERT INTO shift(employee_id,date,shift_pattern_id,confirmation) VALUES (1,"2022/07/30",5,"N");
INSERT INTO shift(employee_id,date,shift_pattern_id,confirmation) VALUES (1,"2022/07/31",5,"N");
INSERT INTO shift(employee_id,date,shift_pattern_id,confirmation) VALUES (2,"2022/07/01",2,"N");
INSERT INTO shift(employee_id,date,shift_pattern_id,confirmation) VALUES (2,"2022/07/02",5,"N");
INSERT INTO shift(employee_id,date,shift_pattern_id,confirmation) VALUES (2,"2022/07/03",5,"N");
INSERT INTO shift(employee_id,date,shift_pattern_id,confirmation) VALUES (2,"2022/07/04",2,"N");
INSERT INTO shift(employee_id,date,shift_pattern_id,confirmation) VALUES (2,"2022/07/05",2,"N");
INSERT INTO shift(employee_id,date,shift_pattern_id,confirmation) VALUES (2,"2022/07/06",2,"N");
INSERT INTO shift(employee_id,date,shift_pattern_id,confirmation) VALUES (2,"2022/07/07",2,"N");
INSERT INTO shift(employee_id,date,shift_pattern_id,confirmation) VALUES (2,"2022/07/08",2,"N");
INSERT INTO shift(employee_id,date,shift_pattern_id,confirmation) VALUES (2,"2022/07/09",5,"N");
INSERT INTO shift(employee_id,date,shift_pattern_id,confirmation) VALUES (2,"2022/07/10",5,"N");
INSERT INTO shift(employee_id,date,shift_pattern_id,confirmation) VALUES (2,"2022/07/11",2,"N");
INSERT INTO shift(employee_id,date,shift_pattern_id,confirmation) VALUES (2,"2022/07/12",2,"N");
INSERT INTO shift(employee_id,date,shift_pattern_id,confirmation) VALUES (2,"2022/07/13",2,"N");
INSERT INTO shift(employee_id,date,shift_pattern_id,confirmation) VALUES (2,"2022/07/14",2,"N");
INSERT INTO shift(employee_id,date,shift_pattern_id,confirmation) VALUES (2,"2022/07/15",2,"N");
INSERT INTO shift(employee_id,date,shift_pattern_id,confirmation) VALUES (2,"2022/07/16",5,"N");
INSERT INTO shift(employee_id,date,shift_pattern_id,confirmation) VALUES (2,"2022/07/17",5,"N");
INSERT INTO shift(employee_id,date,shift_pattern_id,confirmation) VALUES (2,"2022/07/18",5,"N");
INSERT INTO shift(employee_id,date,shift_pattern_id,confirmation) VALUES (2,"2022/07/19",2,"N");
INSERT INTO shift(employee_id,date,shift_pattern_id,confirmation) VALUES (2,"2022/07/20",2,"N");
INSERT INTO shift(employee_id,date,shift_pattern_id,confirmation) VALUES (2,"2022/07/21",2,"N");
INSERT INTO shift(employee_id,date,shift_pattern_id,confirmation) VALUES (2,"2022/07/22",2,"N");
INSERT INTO shift(employee_id,date,shift_pattern_id,confirmation) VALUES (2,"2022/07/23",5,"N");
INSERT INTO shift(employee_id,date,shift_pattern_id,confirmation) VALUES (2,"2022/07/24",5,"N");
INSERT INTO shift(employee_id,date,shift_pattern_id,confirmation) VALUES (2,"2022/07/25",2,"N");
INSERT INTO shift(employee_id,date,shift_pattern_id,confirmation) VALUES (2,"2022/07/26",2,"N");
INSERT INTO shift(employee_id,date,shift_pattern_id,confirmation) VALUES (2,"2022/07/27",2,"N");
INSERT INTO shift(employee_id,date,shift_pattern_id,confirmation) VALUES (2,"2022/07/28",2,"N");
INSERT INTO shift(employee_id,date,shift_pattern_id,confirmation) VALUES (2,"2022/07/29",2,"N");
INSERT INTO shift(employee_id,date,shift_pattern_id,confirmation) VALUES (2,"2022/07/30",5,"N");
INSERT INTO shift(employee_id,date,shift_pattern_id,confirmation) VALUES (2,"2022/07/31",5,"N");
INSERT INTO shift(employee_id,date,shift_pattern_id,confirmation) VALUES (3,"2022/07/01",4,"N");
INSERT INTO shift(employee_id,date,shift_pattern_id,confirmation) VALUES (3,"2022/07/02",5,"N");
INSERT INTO shift(employee_id,date,shift_pattern_id,confirmation) VALUES (3,"2022/07/03",5,"N");
INSERT INTO shift(employee_id,date,shift_pattern_id,confirmation) VALUES (3,"2022/07/04",4,"N");
INSERT INTO shift(employee_id,date,shift_pattern_id,confirmation) VALUES (3,"2022/07/05",4,"N");
INSERT INTO shift(employee_id,date,shift_pattern_id,confirmation) VALUES (3,"2022/07/06",4,"N");
INSERT INTO shift(employee_id,date,shift_pattern_id,confirmation) VALUES (3,"2022/07/07",4,"N");
INSERT INTO shift(employee_id,date,shift_pattern_id,confirmation) VALUES (3,"2022/07/08",4,"N");
INSERT INTO shift(employee_id,date,shift_pattern_id,confirmation) VALUES (3,"2022/07/09",5,"N");
INSERT INTO shift(employee_id,date,shift_pattern_id,confirmation) VALUES (3,"2022/07/10",5,"N");
INSERT INTO shift(employee_id,date,shift_pattern_id,confirmation) VALUES (3,"2022/07/11",4,"N");
INSERT INTO shift(employee_id,date,shift_pattern_id,confirmation) VALUES (3,"2022/07/12",4,"N");
INSERT INTO shift(employee_id,date,shift_pattern_id,confirmation) VALUES (3,"2022/07/13",4,"N");
INSERT INTO shift(employee_id,date,shift_pattern_id,confirmation) VALUES (3,"2022/07/14",4,"N");
INSERT INTO shift(employee_id,date,shift_pattern_id,confirmation) VALUES (3,"2022/07/15",4,"N");
INSERT INTO shift(employee_id,date,shift_pattern_id,confirmation) VALUES (3,"2022/07/16",5,"N");
INSERT INTO shift(employee_id,date,shift_pattern_id,confirmation) VALUES (3,"2022/07/17",5,"N");
INSERT INTO shift(employee_id,date,shift_pattern_id,confirmation) VALUES (3,"2022/07/18",5,"N");
INSERT INTO shift(employee_id,date,shift_pattern_id,confirmation) VALUES (3,"2022/07/19",4,"N");
INSERT INTO shift(employee_id,date,shift_pattern_id,confirmation) VALUES (3,"2022/07/20",4,"N");
INSERT INTO shift(employee_id,date,shift_pattern_id,confirmation) VALUES (3,"2022/07/21",4,"N");
INSERT INTO shift(employee_id,date,shift_pattern_id,confirmation) VALUES (3,"2022/07/22",4,"N");
INSERT INTO shift(employee_id,date,shift_pattern_id,confirmation) VALUES (3,"2022/07/23",5,"N");
INSERT INTO shift(employee_id,date,shift_pattern_id,confirmation) VALUES (3,"2022/07/24",5,"N");
INSERT INTO shift(employee_id,date,shift_pattern_id,confirmation) VALUES (3,"2022/07/25",4,"N");
INSERT INTO shift(employee_id,date,shift_pattern_id,confirmation) VALUES (3,"2022/07/26",4,"N");
INSERT INTO shift(employee_id,date,shift_pattern_id,confirmation) VALUES (3,"2022/07/27",4,"N");
INSERT INTO shift(employee_id,date,shift_pattern_id,confirmation) VALUES (3,"2022/07/28",4,"N");
INSERT INTO shift(employee_id,date,shift_pattern_id,confirmation) VALUES (3,"2022/07/29",4,"N");
INSERT INTO shift(employee_id,date,shift_pattern_id,confirmation) VALUES (3,"2022/07/30",5,"N");
INSERT INTO shift(employee_id,date,shift_pattern_id,confirmation) VALUES (3,"2022/07/31",5,"N");
INSERT INTO shift(employee_id,date,shift_pattern_id,confirmation) VALUES (4,"2022/07/01",2,"N");
INSERT INTO shift(employee_id,date,shift_pattern_id,confirmation) VALUES (4,"2022/07/02",5,"N");
INSERT INTO shift(employee_id,date,shift_pattern_id,confirmation) VALUES (4,"2022/07/03",5,"N");
INSERT INTO shift(employee_id,date,shift_pattern_id,confirmation) VALUES (4,"2022/07/04",2,"N");
INSERT INTO shift(employee_id,date,shift_pattern_id,confirmation) VALUES (4,"2022/07/05",2,"N");
INSERT INTO shift(employee_id,date,shift_pattern_id,confirmation) VALUES (4,"2022/07/06",2,"N");
INSERT INTO shift(employee_id,date,shift_pattern_id,confirmation) VALUES (4,"2022/07/07",2,"N");
INSERT INTO shift(employee_id,date,shift_pattern_id,confirmation) VALUES (4,"2022/07/08",2,"N");
INSERT INTO shift(employee_id,date,shift_pattern_id,confirmation) VALUES (4,"2022/07/09",5,"N");
INSERT INTO shift(employee_id,date,shift_pattern_id,confirmation) VALUES (4,"2022/07/10",5,"N");
INSERT INTO shift(employee_id,date,shift_pattern_id,confirmation) VALUES (4,"2022/07/11",2,"N");
INSERT INTO shift(employee_id,date,shift_pattern_id,confirmation) VALUES (4,"2022/07/12",2,"N");
INSERT INTO shift(employee_id,date,shift_pattern_id,confirmation) VALUES (4,"2022/07/13",2,"N");
INSERT INTO shift(employee_id,date,shift_pattern_id,confirmation) VALUES (4,"2022/07/14",2,"N");
INSERT INTO shift(employee_id,date,shift_pattern_id,confirmation) VALUES (4,"2022/07/15",2,"N");
INSERT INTO shift(employee_id,date,shift_pattern_id,confirmation) VALUES (4,"2022/07/16",5,"N");
INSERT INTO shift(employee_id,date,shift_pattern_id,confirmation) VALUES (4,"2022/07/17",5,"N");
INSERT INTO shift(employee_id,date,shift_pattern_id,confirmation) VALUES (4,"2022/07/18",5,"N");
INSERT INTO shift(employee_id,date,shift_pattern_id,confirmation) VALUES (4,"2022/07/19",2,"N");
INSERT INTO shift(employee_id,date,shift_pattern_id,confirmation) VALUES (4,"2022/07/20",2,"N");
INSERT INTO shift(employee_id,date,shift_pattern_id,confirmation) VALUES (4,"2022/07/21",2,"N");
INSERT INTO shift(employee_id,date,shift_pattern_id,confirmation) VALUES (4,"2022/07/22",2,"N");
INSERT INTO shift(employee_id,date,shift_pattern_id,confirmation) VALUES (4,"2022/07/23",5,"N");
INSERT INTO shift(employee_id,date,shift_pattern_id,confirmation) VALUES (4,"2022/07/24",5,"N");
INSERT INTO shift(employee_id,date,shift_pattern_id,confirmation) VALUES (4,"2022/07/25",2,"N");
INSERT INTO shift(employee_id,date,shift_pattern_id,confirmation) VALUES (4,"2022/07/26",2,"N");
INSERT INTO shift(employee_id,date,shift_pattern_id,confirmation) VALUES (4,"2022/07/27",2,"N");
INSERT INTO shift(employee_id,date,shift_pattern_id,confirmation) VALUES (4,"2022/07/28",2,"N");
INSERT INTO shift(employee_id,date,shift_pattern_id,confirmation) VALUES (4,"2022/07/29",2,"N");
INSERT INTO shift(employee_id,date,shift_pattern_id,confirmation) VALUES (4,"2022/07/30",5,"N");
INSERT INTO shift(employee_id,date,shift_pattern_id,confirmation) VALUES (4,"2022/07/31",5,"N");
INSERT INTO shift(employee_id,date,shift_pattern_id,confirmation) VALUES (5,"2022/07/01",2,"N");
INSERT INTO shift(employee_id,date,shift_pattern_id,confirmation) VALUES (5,"2022/07/02",5,"N");
INSERT INTO shift(employee_id,date,shift_pattern_id,confirmation) VALUES (5,"2022/07/03",5,"N");
INSERT INTO shift(employee_id,date,shift_pattern_id,confirmation) VALUES (5,"2022/07/04",2,"N");
INSERT INTO shift(employee_id,date,shift_pattern_id,confirmation) VALUES (5,"2022/07/05",2,"N");
INSERT INTO shift(employee_id,date,shift_pattern_id,confirmation) VALUES (5,"2022/07/06",2,"N");
INSERT INTO shift(employee_id,date,shift_pattern_id,confirmation) VALUES (5,"2022/07/07",2,"N");
INSERT INTO shift(employee_id,date,shift_pattern_id,confirmation) VALUES (5,"2022/07/08",2,"N");
INSERT INTO shift(employee_id,date,shift_pattern_id,confirmation) VALUES (5,"2022/07/09",5,"N");
INSERT INTO shift(employee_id,date,shift_pattern_id,confirmation) VALUES (5,"2022/07/10",5,"N");
INSERT INTO shift(employee_id,date,shift_pattern_id,confirmation) VALUES (5,"2022/07/11",2,"N");
INSERT INTO shift(employee_id,date,shift_pattern_id,confirmation) VALUES (5,"2022/07/12",2,"N");
INSERT INTO shift(employee_id,date,shift_pattern_id,confirmation) VALUES (5,"2022/07/13",2,"N");
INSERT INTO shift(employee_id,date,shift_pattern_id,confirmation) VALUES (5,"2022/07/14",2,"N");
INSERT INTO shift(employee_id,date,shift_pattern_id,confirmation) VALUES (5,"2022/07/15",2,"N");
INSERT INTO shift(employee_id,date,shift_pattern_id,confirmation) VALUES (5,"2022/07/16",5,"N");
INSERT INTO shift(employee_id,date,shift_pattern_id,confirmation) VALUES (5,"2022/07/17",5,"N");
INSERT INTO shift(employee_id,date,shift_pattern_id,confirmation) VALUES (5,"2022/07/18",5,"N");
INSERT INTO shift(employee_id,date,shift_pattern_id,confirmation) VALUES (5,"2022/07/19",2,"N");
INSERT INTO shift(employee_id,date,shift_pattern_id,confirmation) VALUES (5,"2022/07/20",2,"N");
INSERT INTO shift(employee_id,date,shift_pattern_id,confirmation) VALUES (5,"2022/07/21",2,"N");
INSERT INTO shift(employee_id,date,shift_pattern_id,confirmation) VALUES (5,"2022/07/22",2,"N");
INSERT INTO shift(employee_id,date,shift_pattern_id,confirmation) VALUES (5,"2022/07/23",5,"N");
INSERT INTO shift(employee_id,date,shift_pattern_id,confirmation) VALUES (5,"2022/07/24",5,"N");
INSERT INTO shift(employee_id,date,shift_pattern_id,confirmation) VALUES (5,"2022/07/25",2,"N");
INSERT INTO shift(employee_id,date,shift_pattern_id,confirmation) VALUES (5,"2022/07/26",2,"N");
INSERT INTO shift(employee_id,date,shift_pattern_id,confirmation) VALUES (5,"2022/07/27",2,"N");
INSERT INTO shift(employee_id,date,shift_pattern_id,confirmation) VALUES (5,"2022/07/28",2,"N");
INSERT INTO shift(employee_id,date,shift_pattern_id,confirmation) VALUES (5,"2022/07/29",2,"N");
INSERT INTO shift(employee_id,date,shift_pattern_id,confirmation) VALUES (5,"2022/07/30",5,"N");
INSERT INTO shift(employee_id,date,shift_pattern_id,confirmation) VALUES (5,"2022/07/31",5,"N");
INSERT INTO shift(employee_id,date,shift_pattern_id,confirmation) VALUES (6,"2022/07/01",2,"N");
INSERT INTO shift(employee_id,date,shift_pattern_id,confirmation) VALUES (6,"2022/07/02",5,"N");
INSERT INTO shift(employee_id,date,shift_pattern_id,confirmation) VALUES (6,"2022/07/03",5,"N");
INSERT INTO shift(employee_id,date,shift_pattern_id,confirmation) VALUES (6,"2022/07/04",2,"N");
INSERT INTO shift(employee_id,date,shift_pattern_id,confirmation) VALUES (6,"2022/07/05",2,"N");
INSERT INTO shift(employee_id,date,shift_pattern_id,confirmation) VALUES (6,"2022/07/06",2,"N");
INSERT INTO shift(employee_id,date,shift_pattern_id,confirmation) VALUES (6,"2022/07/07",2,"N");
INSERT INTO shift(employee_id,date,shift_pattern_id,confirmation) VALUES (6,"2022/07/08",2,"N");
INSERT INTO shift(employee_id,date,shift_pattern_id,confirmation) VALUES (6,"2022/07/09",5,"N");
INSERT INTO shift(employee_id,date,shift_pattern_id,confirmation) VALUES (6,"2022/07/10",5,"N");
INSERT INTO shift(employee_id,date,shift_pattern_id,confirmation) VALUES (6,"2022/07/11",2,"N");
INSERT INTO shift(employee_id,date,shift_pattern_id,confirmation) VALUES (6,"2022/07/12",2,"N");
INSERT INTO shift(employee_id,date,shift_pattern_id,confirmation) VALUES (6,"2022/07/13",2,"N");
INSERT INTO shift(employee_id,date,shift_pattern_id,confirmation) VALUES (6,"2022/07/14",2,"N");
INSERT INTO shift(employee_id,date,shift_pattern_id,confirmation) VALUES (6,"2022/07/15",2,"N");
INSERT INTO shift(employee_id,date,shift_pattern_id,confirmation) VALUES (6,"2022/07/16",5,"N");
INSERT INTO shift(employee_id,date,shift_pattern_id,confirmation) VALUES (6,"2022/07/17",5,"N");
INSERT INTO shift(employee_id,date,shift_pattern_id,confirmation) VALUES (6,"2022/07/18",5,"N");
INSERT INTO shift(employee_id,date,shift_pattern_id,confirmation) VALUES (6,"2022/07/19",2,"N");
INSERT INTO shift(employee_id,date,shift_pattern_id,confirmation) VALUES (6,"2022/07/20",2,"N");
INSERT INTO shift(employee_id,date,shift_pattern_id,confirmation) VALUES (6,"2022/07/21",2,"N");
INSERT INTO shift(employee_id,date,shift_pattern_id,confirmation) VALUES (6,"2022/07/22",2,"N");
INSERT INTO shift(employee_id,date,shift_pattern_id,confirmation) VALUES (6,"2022/07/23",5,"N");
INSERT INTO shift(employee_id,date,shift_pattern_id,confirmation) VALUES (6,"2022/07/24",5,"N");
INSERT INTO shift(employee_id,date,shift_pattern_id,confirmation) VALUES (6,"2022/07/25",2,"N");
INSERT INTO shift(employee_id,date,shift_pattern_id,confirmation) VALUES (6,"2022/07/26",2,"N");
INSERT INTO shift(employee_id,date,shift_pattern_id,confirmation) VALUES (6,"2022/07/27",2,"N");
INSERT INTO shift(employee_id,date,shift_pattern_id,confirmation) VALUES (6,"2022/07/28",2,"N");
INSERT INTO shift(employee_id,date,shift_pattern_id,confirmation) VALUES (6,"2022/07/29",2,"N");
INSERT INTO shift(employee_id,date,shift_pattern_id,confirmation) VALUES (6,"2022/07/30",5,"N");
INSERT INTO shift(employee_id,date,shift_pattern_id,confirmation) VALUES (6,"2022/07/31",5,"N");
INSERT INTO shift(employee_id,date,shift_pattern_id,confirmation) VALUES (7,"2022/07/01",3,"N");
INSERT INTO shift(employee_id,date,shift_pattern_id,confirmation) VALUES (7,"2022/07/02",5,"N");
INSERT INTO shift(employee_id,date,shift_pattern_id,confirmation) VALUES (7,"2022/07/03",5,"N");
INSERT INTO shift(employee_id,date,shift_pattern_id,confirmation) VALUES (7,"2022/07/04",3,"N");
INSERT INTO shift(employee_id,date,shift_pattern_id,confirmation) VALUES (7,"2022/07/05",3,"N");
INSERT INTO shift(employee_id,date,shift_pattern_id,confirmation) VALUES (7,"2022/07/06",3,"N");
INSERT INTO shift(employee_id,date,shift_pattern_id,confirmation) VALUES (7,"2022/07/07",3,"N");
INSERT INTO shift(employee_id,date,shift_pattern_id,confirmation) VALUES (7,"2022/07/08",3,"N");
INSERT INTO shift(employee_id,date,shift_pattern_id,confirmation) VALUES (7,"2022/07/09",5,"N");
INSERT INTO shift(employee_id,date,shift_pattern_id,confirmation) VALUES (7,"2022/07/10",5,"N");
INSERT INTO shift(employee_id,date,shift_pattern_id,confirmation) VALUES (7,"2022/07/11",3,"N");
INSERT INTO shift(employee_id,date,shift_pattern_id,confirmation) VALUES (7,"2022/07/12",3,"N");
INSERT INTO shift(employee_id,date,shift_pattern_id,confirmation) VALUES (7,"2022/07/13",3,"N");
INSERT INTO shift(employee_id,date,shift_pattern_id,confirmation) VALUES (7,"2022/07/14",3,"N");
INSERT INTO shift(employee_id,date,shift_pattern_id,confirmation) VALUES (7,"2022/07/15",3,"N");
INSERT INTO shift(employee_id,date,shift_pattern_id,confirmation) VALUES (7,"2022/07/16",5,"N");
INSERT INTO shift(employee_id,date,shift_pattern_id,confirmation) VALUES (7,"2022/07/17",5,"N");
INSERT INTO shift(employee_id,date,shift_pattern_id,confirmation) VALUES (7,"2022/07/18",5,"N");
INSERT INTO shift(employee_id,date,shift_pattern_id,confirmation) VALUES (7,"2022/07/19",3,"N");
INSERT INTO shift(employee_id,date,shift_pattern_id,confirmation) VALUES (7,"2022/07/20",3,"N");
INSERT INTO shift(employee_id,date,shift_pattern_id,confirmation) VALUES (7,"2022/07/21",3,"N");
INSERT INTO shift(employee_id,date,shift_pattern_id,confirmation) VALUES (7,"2022/07/22",3,"N");
INSERT INTO shift(employee_id,date,shift_pattern_id,confirmation) VALUES (7,"2022/07/23",5,"N");
INSERT INTO shift(employee_id,date,shift_pattern_id,confirmation) VALUES (7,"2022/07/24",5,"N");
INSERT INTO shift(employee_id,date,shift_pattern_id,confirmation) VALUES (7,"2022/07/25",3,"N");
INSERT INTO shift(employee_id,date,shift_pattern_id,confirmation) VALUES (7,"2022/07/26",3,"N");
INSERT INTO shift(employee_id,date,shift_pattern_id,confirmation) VALUES (7,"2022/07/27",3,"N");
INSERT INTO shift(employee_id,date,shift_pattern_id,confirmation) VALUES (7,"2022/07/28",3,"N");
INSERT INTO shift(employee_id,date,shift_pattern_id,confirmation) VALUES (7,"2022/07/29",3,"N");
INSERT INTO shift(employee_id,date,shift_pattern_id,confirmation) VALUES (7,"2022/07/30",5,"N");
INSERT INTO shift(employee_id,date,shift_pattern_id,confirmation) VALUES (7,"2022/07/31",5,"N");
INSERT INTO shift(employee_id,date,shift_pattern_id,confirmation) VALUES (8,"2022/07/01",3,"N");
INSERT INTO shift(employee_id,date,shift_pattern_id,confirmation) VALUES (8,"2022/07/02",5,"N");
INSERT INTO shift(employee_id,date,shift_pattern_id,confirmation) VALUES (8,"2022/07/03",5,"N");
INSERT INTO shift(employee_id,date,shift_pattern_id,confirmation) VALUES (8,"2022/07/04",3,"N");
INSERT INTO shift(employee_id,date,shift_pattern_id,confirmation) VALUES (8,"2022/07/05",3,"N");
INSERT INTO shift(employee_id,date,shift_pattern_id,confirmation) VALUES (8,"2022/07/06",3,"N");
INSERT INTO shift(employee_id,date,shift_pattern_id,confirmation) VALUES (8,"2022/07/07",3,"N");
INSERT INTO shift(employee_id,date,shift_pattern_id,confirmation) VALUES (8,"2022/07/08",3,"N");
INSERT INTO shift(employee_id,date,shift_pattern_id,confirmation) VALUES (8,"2022/07/09",5,"N");
INSERT INTO shift(employee_id,date,shift_pattern_id,confirmation) VALUES (8,"2022/07/10",5,"N");
INSERT INTO shift(employee_id,date,shift_pattern_id,confirmation) VALUES (8,"2022/07/11",3,"N");
INSERT INTO shift(employee_id,date,shift_pattern_id,confirmation) VALUES (8,"2022/07/12",3,"N");
INSERT INTO shift(employee_id,date,shift_pattern_id,confirmation) VALUES (8,"2022/07/13",3,"N");
INSERT INTO shift(employee_id,date,shift_pattern_id,confirmation) VALUES (8,"2022/07/14",3,"N");
INSERT INTO shift(employee_id,date,shift_pattern_id,confirmation) VALUES (8,"2022/07/15",3,"N");
INSERT INTO shift(employee_id,date,shift_pattern_id,confirmation) VALUES (8,"2022/07/16",5,"N");
INSERT INTO shift(employee_id,date,shift_pattern_id,confirmation) VALUES (8,"2022/07/17",5,"N");
INSERT INTO shift(employee_id,date,shift_pattern_id,confirmation) VALUES (8,"2022/07/18",5,"N");
INSERT INTO shift(employee_id,date,shift_pattern_id,confirmation) VALUES (8,"2022/07/19",3,"N");
INSERT INTO shift(employee_id,date,shift_pattern_id,confirmation) VALUES (8,"2022/07/20",3,"N");
INSERT INTO shift(employee_id,date,shift_pattern_id,confirmation) VALUES (8,"2022/07/21",3,"N");
INSERT INTO shift(employee_id,date,shift_pattern_id,confirmation) VALUES (8,"2022/07/22",3,"N");
INSERT INTO shift(employee_id,date,shift_pattern_id,confirmation) VALUES (8,"2022/07/23",5,"N");
INSERT INTO shift(employee_id,date,shift_pattern_id,confirmation) VALUES (8,"2022/07/24",5,"N");
INSERT INTO shift(employee_id,date,shift_pattern_id,confirmation) VALUES (8,"2022/07/25",3,"N");
INSERT INTO shift(employee_id,date,shift_pattern_id,confirmation) VALUES (8,"2022/07/26",3,"N");
INSERT INTO shift(employee_id,date,shift_pattern_id,confirmation) VALUES (8,"2022/07/27",3,"N");
INSERT INTO shift(employee_id,date,shift_pattern_id,confirmation) VALUES (8,"2022/07/28",3,"N");
INSERT INTO shift(employee_id,date,shift_pattern_id,confirmation) VALUES (8,"2022/07/29",3,"N");
INSERT INTO shift(employee_id,date,shift_pattern_id,confirmation) VALUES (8,"2022/07/30",5,"N");
INSERT INTO shift(employee_id,date,shift_pattern_id,confirmation) VALUES (8,"2022/07/31",5,"N");
INSERT INTO shift(employee_id,date,shift_pattern_id,confirmation) VALUES (9,"2022/07/01",3,"N");
INSERT INTO shift(employee_id,date,shift_pattern_id,confirmation) VALUES (9,"2022/07/02",5,"N");
INSERT INTO shift(employee_id,date,shift_pattern_id,confirmation) VALUES (9,"2022/07/03",5,"N");
INSERT INTO shift(employee_id,date,shift_pattern_id,confirmation) VALUES (9,"2022/07/04",3,"N");
INSERT INTO shift(employee_id,date,shift_pattern_id,confirmation) VALUES (9,"2022/07/05",3,"N");
INSERT INTO shift(employee_id,date,shift_pattern_id,confirmation) VALUES (9,"2022/07/06",3,"N");
INSERT INTO shift(employee_id,date,shift_pattern_id,confirmation) VALUES (9,"2022/07/07",3,"N");
INSERT INTO shift(employee_id,date,shift_pattern_id,confirmation) VALUES (9,"2022/07/08",3,"N");
INSERT INTO shift(employee_id,date,shift_pattern_id,confirmation) VALUES (9,"2022/07/09",5,"N");
INSERT INTO shift(employee_id,date,shift_pattern_id,confirmation) VALUES (9,"2022/07/10",5,"N");
INSERT INTO shift(employee_id,date,shift_pattern_id,confirmation) VALUES (9,"2022/07/11",3,"N");
INSERT INTO shift(employee_id,date,shift_pattern_id,confirmation) VALUES (9,"2022/07/12",3,"N");
INSERT INTO shift(employee_id,date,shift_pattern_id,confirmation) VALUES (9,"2022/07/13",3,"N");
INSERT INTO shift(employee_id,date,shift_pattern_id,confirmation) VALUES (9,"2022/07/14",3,"N");
INSERT INTO shift(employee_id,date,shift_pattern_id,confirmation) VALUES (9,"2022/07/15",3,"N");
INSERT INTO shift(employee_id,date,shift_pattern_id,confirmation) VALUES (9,"2022/07/16",5,"N");
INSERT INTO shift(employee_id,date,shift_pattern_id,confirmation) VALUES (9,"2022/07/17",5,"N");
INSERT INTO shift(employee_id,date,shift_pattern_id,confirmation) VALUES (9,"2022/07/18",5,"N");
INSERT INTO shift(employee_id,date,shift_pattern_id,confirmation) VALUES (9,"2022/07/19",3,"N");
INSERT INTO shift(employee_id,date,shift_pattern_id,confirmation) VALUES (9,"2022/07/20",3,"N");
INSERT INTO shift(employee_id,date,shift_pattern_id,confirmation) VALUES (9,"2022/07/21",3,"N");
INSERT INTO shift(employee_id,date,shift_pattern_id,confirmation) VALUES (9,"2022/07/22",3,"N");
INSERT INTO shift(employee_id,date,shift_pattern_id,confirmation) VALUES (9,"2022/07/23",5,"N");
INSERT INTO shift(employee_id,date,shift_pattern_id,confirmation) VALUES (9,"2022/07/24",5,"N");
INSERT INTO shift(employee_id,date,shift_pattern_id,confirmation) VALUES (9,"2022/07/25",3,"N");
INSERT INTO shift(employee_id,date,shift_pattern_id,confirmation) VALUES (9,"2022/07/26",3,"N");
INSERT INTO shift(employee_id,date,shift_pattern_id,confirmation) VALUES (9,"2022/07/27",3,"N");
INSERT INTO shift(employee_id,date,shift_pattern_id,confirmation) VALUES (9,"2022/07/28",3,"N");
INSERT INTO shift(employee_id,date,shift_pattern_id,confirmation) VALUES (9,"2022/07/29",3,"N");
INSERT INTO shift(employee_id,date,shift_pattern_id,confirmation) VALUES (9,"2022/07/30",5,"N");
INSERT INTO shift(employee_id,date,shift_pattern_id,confirmation) VALUES (9,"2022/07/31",5,"N");
INSERT INTO shift(employee_id,date,shift_pattern_id,confirmation) VALUES (10,"2022/07/01",3,"N");
INSERT INTO shift(employee_id,date,shift_pattern_id,confirmation) VALUES (10,"2022/07/02",5,"N");
INSERT INTO shift(employee_id,date,shift_pattern_id,confirmation) VALUES (10,"2022/07/03",5,"N");
INSERT INTO shift(employee_id,date,shift_pattern_id,confirmation) VALUES (10,"2022/07/04",3,"N");
INSERT INTO shift(employee_id,date,shift_pattern_id,confirmation) VALUES (10,"2022/07/05",3,"N");
INSERT INTO shift(employee_id,date,shift_pattern_id,confirmation) VALUES (10,"2022/07/06",3,"N");
INSERT INTO shift(employee_id,date,shift_pattern_id,confirmation) VALUES (10,"2022/07/07",3,"N");
INSERT INTO shift(employee_id,date,shift_pattern_id,confirmation) VALUES (10,"2022/07/08",3,"N");
INSERT INTO shift(employee_id,date,shift_pattern_id,confirmation) VALUES (10,"2022/07/09",5,"N");
INSERT INTO shift(employee_id,date,shift_pattern_id,confirmation) VALUES (10,"2022/07/10",5,"N");
INSERT INTO shift(employee_id,date,shift_pattern_id,confirmation) VALUES (10,"2022/07/11",3,"N");
INSERT INTO shift(employee_id,date,shift_pattern_id,confirmation) VALUES (10,"2022/07/12",3,"N");
INSERT INTO shift(employee_id,date,shift_pattern_id,confirmation) VALUES (10,"2022/07/13",3,"N");
INSERT INTO shift(employee_id,date,shift_pattern_id,confirmation) VALUES (10,"2022/07/14",3,"N");
INSERT INTO shift(employee_id,date,shift_pattern_id,confirmation) VALUES (10,"2022/07/15",3,"N");
INSERT INTO shift(employee_id,date,shift_pattern_id,confirmation) VALUES (10,"2022/07/16",5,"N");
INSERT INTO shift(employee_id,date,shift_pattern_id,confirmation) VALUES (10,"2022/07/17",5,"N");
INSERT INTO shift(employee_id,date,shift_pattern_id,confirmation) VALUES (10,"2022/07/18",5,"N");
INSERT INTO shift(employee_id,date,shift_pattern_id,confirmation) VALUES (10,"2022/07/19",3,"N");
INSERT INTO shift(employee_id,date,shift_pattern_id,confirmation) VALUES (10,"2022/07/20",3,"N");
INSERT INTO shift(employee_id,date,shift_pattern_id,confirmation) VALUES (10,"2022/07/21",3,"N");
INSERT INTO shift(employee_id,date,shift_pattern_id,confirmation) VALUES (10,"2022/07/22",3,"N");
INSERT INTO shift(employee_id,date,shift_pattern_id,confirmation) VALUES (10,"2022/07/23",5,"N");
INSERT INTO shift(employee_id,date,shift_pattern_id,confirmation) VALUES (10,"2022/07/24",5,"N");
INSERT INTO shift(employee_id,date,shift_pattern_id,confirmation) VALUES (10,"2022/07/25",3,"N");
INSERT INTO shift(employee_id,date,shift_pattern_id,confirmation) VALUES (10,"2022/07/26",3,"N");
INSERT INTO shift(employee_id,date,shift_pattern_id,confirmation) VALUES (10,"2022/07/27",3,"N");
INSERT INTO shift(employee_id,date,shift_pattern_id,confirmation) VALUES (10,"2022/07/28",3,"N");
INSERT INTO shift(employee_id,date,shift_pattern_id,confirmation) VALUES (10,"2022/07/29",3,"N");
INSERT INTO shift(employee_id,date,shift_pattern_id,confirmation) VALUES (10,"2022/07/30",5,"N");
INSERT INTO shift(employee_id,date,shift_pattern_id,confirmation) VALUES (10,"2022/07/31",5,"N");