
INSERT INTO working_form(working_form_id,working_form_name) VALUES (1,"正社員");
INSERT INTO working_form(working_form_id,working_form_name) VALUES (2,"正社員(時短)");
INSERT INTO working_form(working_form_id,working_form_name) VALUES (3,"パート");

INSERT INTO employee(employee_id,last_name,first_name,roman_last_name,roman_first_name,birthday,age,gender,phone_number,email,employment_date,working_form_id) VALUES (1,"岸田","文雄","Kishida","Fumio","1957/07/29",64,"man","090-1111-1111","kishida@hoge.com","2020/01/01",1);
INSERT INTO employee(employee_id,last_name,first_name,roman_last_name,roman_first_name,birthday,age,gender,phone_number,email,employment_date,working_form_id) VALUES (2,"菅","義偉","Suga","Yoshihide","1948/12/06",73,"man","090-2222-2222","suga@hoge.com","2020/02/01",2);
INSERT INTO employee(employee_id,last_name,first_name,roman_last_name,roman_first_name,birthday,age,gender,phone_number,email,employment_date,working_form_id) VALUES (3,"安倍","晋三","Abe","Shinzo","1954/09/21",67,"man","090-3333-3333","abe@hoge.com","2020/03/01",1);
INSERT INTO employee(employee_id,last_name,first_name,roman_last_name,roman_first_name,birthday,age,gender,phone_number,email,employment_date,working_form_id) VALUES (4,"野田","佳彦","Noda","Yoshihiko","1957/05/20",65,"man","090-4444-4444","noda@hoge.com","2020/04/01",1);
INSERT INTO employee(employee_id,last_name,first_name,roman_last_name,roman_first_name,birthday,age,gender,phone_number,email,employment_date,working_form_id) VALUES (5,"菅","直人","Kan","Naoto","1946/10/10",75,"man","090-5555-5555","kan@hoge.com","2020/05/01",3);
INSERT INTO employee(employee_id,last_name,first_name,roman_last_name,roman_first_name,birthday,age,gender,phone_number,email,employment_date,working_form_id) VALUES (6,"鳩山","由紀夫","Hatoyama","Yukio","1947/02/11",75,"man","090-6666-6666","hatoyama@hoge.com","2020/06/01",1);
INSERT INTO employee(employee_id,last_name,first_name,roman_last_name,roman_first_name,birthday,age,gender,phone_number,email,employment_date,working_form_id) VALUES (7,"麻生","太郎","Aso","Taro","1940/09/20",81,"man","090-7777-7777","aso@hoge.com","2020/07/01",2);
INSERT INTO employee(employee_id,last_name,first_name,roman_last_name,roman_first_name,birthday,age,gender,phone_number,email,employment_date,working_form_id) VALUES (8,"福田","康夫","Fukuda","Yasuo","1936/07/16",85,"man","090-8888-8888","hukuda@hoge.com","2020/08/01",1);
INSERT INTO employee(employee_id,last_name,first_name,roman_last_name,roman_first_name,birthday,age,gender,phone_number,email,employment_date,working_form_id) VALUES (9,"小泉","純一郎","Koizumi","Junichiro","1942/01/08",80,"man","090-9999-9999","koizumi@hoge.com","2020/09/01",3);
INSERT INTO employee(employee_id,last_name,first_name,roman_last_name,roman_first_name,birthday,age,gender,phone_number,email,employment_date,working_form_id) VALUES (10,"森","善朗","Mori","Yoshiro","1937/07/14",84,"man","090-0000-0000","mori@hoge.com","2020/10/01",1);

INSERT INTO security(employee_id,password,authority) VALUES (1,"password","admin");
INSERT INTO security(employee_id,password,authority) VALUES (2,"password","employee");
INSERT INTO security(employee_id,password,authority) VALUES (3,"password","employee");
INSERT INTO security(employee_id,password,authority) VALUES (4,"password","employee");
INSERT INTO security(employee_id,password,authority) VALUES (5,"password","employee");
INSERT INTO security(employee_id,password,authority) VALUES (6,"password","employee");
INSERT INTO security(employee_id,password,authority) VALUES (7,"password","employee");
INSERT INTO security(employee_id,password,authority) VALUES (8,"password","employee");
INSERT INTO security(employee_id,password,authority) VALUES (9,"password","employee");
INSERT INTO security(employee_id,password,authority) VALUES (10,"password","employee");

INSERT INTO vacation_request(request_id,employee_id,request_date) VALUES (1,1,"2022/07/08");
INSERT INTO vacation_request(request_id,employee_id,request_date) VALUES (2,1,"2022/07/19");
INSERT INTO vacation_request(request_id,employee_id,request_date) VALUES (3,2,"2022/07/13");
INSERT INTO vacation_request(request_id,employee_id,request_date) VALUES (4,2,"2022/07/14");
INSERT INTO vacation_request(request_id,employee_id,request_date) VALUES (5,2,"2022/07/15");
INSERT INTO vacation_request(request_id,employee_id,request_date) VALUES (6,4,"2022/07/28");
INSERT INTO vacation_request(request_id,employee_id,request_date) VALUES (7,5,"2022/07/25");
INSERT INTO vacation_request(request_id,employee_id,request_date) VALUES (8,5,"2022/07/26");
INSERT INTO vacation_request(request_id,employee_id,request_date) VALUES (9,6,"2022/07/05");
INSERT INTO vacation_request(request_id,employee_id,request_date) VALUES (10,6,"2022/07/12");
INSERT INTO vacation_request(request_id,employee_id,request_date) VALUES (11,6,"2022/07/19");
INSERT INTO vacation_request(request_id,employee_id,request_date) VALUES (12,7,"2022/07/01");
INSERT INTO vacation_request(request_id,employee_id,request_date) VALUES (13,7,"2022/07/11");
INSERT INTO vacation_request(request_id,employee_id,request_date) VALUES (14,8,"2022/07/06");
INSERT INTO vacation_request(request_id,employee_id,request_date) VALUES (15,8,"2022/07/13");
INSERT INTO vacation_request(request_id,employee_id,request_date) VALUES (16,8,"2022/07/20");
INSERT INTO vacation_request(request_id,employee_id,request_date) VALUES (17,8,"2022/07/27");
INSERT INTO vacation_request(request_id,employee_id,request_date) VALUES (18,9,"2022/07/15");
INSERT INTO vacation_request(request_id,employee_id,request_date) VALUES (19,10,"2022/07/04");
INSERT INTO vacation_request(request_id,employee_id,request_date) VALUES (20,10,"2022/07/05");


INSERT INTO shift_pattern(shift_pattern_id,shift_pattern_name,start_time,end_time) VALUES (1,"A","0715","1615");
INSERT INTO shift_pattern(shift_pattern_id,shift_pattern_name,start_time,end_time) VALUES (2,"B","0800","1700");
INSERT INTO shift_pattern(shift_pattern_id,shift_pattern_name,start_time,end_time) VALUES (3,"C","0830","1730");
INSERT INTO shift_pattern(shift_pattern_id,shift_pattern_name,start_time,end_time) VALUES (4,"D","0930","1830");
INSERT INTO shift_pattern(shift_pattern_id,shift_pattern_name) VALUES (5,"休み");

INSERT INTO shift(employee_id,date,shift_pattern_id,confirmation) VALUES (1,"2022/04/01",2,"Y");
INSERT INTO shift(employee_id,date,shift_pattern_id,confirmation) VALUES (1,"2022/04/02",5,"Y");
INSERT INTO shift(employee_id,date,shift_pattern_id,confirmation) VALUES (1,"2022/04/03",5,"Y");
INSERT INTO shift(employee_id,date,shift_pattern_id,confirmation) VALUES (1,"2022/04/04",2,"Y");
INSERT INTO shift(employee_id,date,shift_pattern_id,confirmation) VALUES (1,"2022/04/05",2,"Y");
INSERT INTO shift(employee_id,date,shift_pattern_id,confirmation) VALUES (1,"2022/04/06",2,"Y");
INSERT INTO shift(employee_id,date,shift_pattern_id,confirmation) VALUES (1,"2022/04/07",2,"Y");
INSERT INTO shift(employee_id,date,shift_pattern_id,confirmation) VALUES (1,"2022/04/08",2,"Y");
INSERT INTO shift(employee_id,date,shift_pattern_id,confirmation) VALUES (1,"2022/04/09",5,"Y");
INSERT INTO shift(employee_id,date,shift_pattern_id,confirmation) VALUES (1,"2022/04/10",5,"Y");
INSERT INTO shift(employee_id,date,shift_pattern_id,confirmation) VALUES (1,"2022/04/11",2,"Y");
INSERT INTO shift(employee_id,date,shift_pattern_id,confirmation) VALUES (1,"2022/04/12",2,"Y");
INSERT INTO shift(employee_id,date,shift_pattern_id,confirmation) VALUES (1,"2022/04/13",2,"Y");
INSERT INTO shift(employee_id,date,shift_pattern_id,confirmation) VALUES (1,"2022/04/14",2,"Y");
INSERT INTO shift(employee_id,date,shift_pattern_id,confirmation) VALUES (1,"2022/04/15",2,"Y");
INSERT INTO shift(employee_id,date,shift_pattern_id,confirmation) VALUES (1,"2022/04/16",5,"Y");
INSERT INTO shift(employee_id,date,shift_pattern_id,confirmation) VALUES (1,"2022/04/17",5,"Y");
INSERT INTO shift(employee_id,date,shift_pattern_id,confirmation) VALUES (1,"2022/04/18",2,"Y");
INSERT INTO shift(employee_id,date,shift_pattern_id,confirmation) VALUES (1,"2022/04/19",2,"Y");
INSERT INTO shift(employee_id,date,shift_pattern_id,confirmation) VALUES (1,"2022/04/20",2,"Y");
INSERT INTO shift(employee_id,date,shift_pattern_id,confirmation) VALUES (1,"2022/04/21",2,"Y");
INSERT INTO shift(employee_id,date,shift_pattern_id,confirmation) VALUES (1,"2022/04/22",2,"Y");
INSERT INTO shift(employee_id,date,shift_pattern_id,confirmation) VALUES (1,"2022/04/23",5,"Y");
INSERT INTO shift(employee_id,date,shift_pattern_id,confirmation) VALUES (1,"2022/04/24",5,"Y");
INSERT INTO shift(employee_id,date,shift_pattern_id,confirmation) VALUES (1,"2022/04/25",2,"Y");
INSERT INTO shift(employee_id,date,shift_pattern_id,confirmation) VALUES (1,"2022/04/26",2,"Y");
INSERT INTO shift(employee_id,date,shift_pattern_id,confirmation) VALUES (1,"2022/04/27",2,"Y");
INSERT INTO shift(employee_id,date,shift_pattern_id,confirmation) VALUES (1,"2022/04/28",2,"Y");
INSERT INTO shift(employee_id,date,shift_pattern_id,confirmation) VALUES (1,"2022/04/29",5,"Y");
INSERT INTO shift(employee_id,date,shift_pattern_id,confirmation) VALUES (1,"2022/04/30",5,"Y");
INSERT INTO shift(employee_id,date,shift_pattern_id,confirmation) VALUES (2,"2022/04/01",2,"Y");
INSERT INTO shift(employee_id,date,shift_pattern_id,confirmation) VALUES (2,"2022/04/02",5,"Y");
INSERT INTO shift(employee_id,date,shift_pattern_id,confirmation) VALUES (2,"2022/04/03",5,"Y");
INSERT INTO shift(employee_id,date,shift_pattern_id,confirmation) VALUES (2,"2022/04/04",2,"Y");
INSERT INTO shift(employee_id,date,shift_pattern_id,confirmation) VALUES (2,"2022/04/05",2,"Y");
INSERT INTO shift(employee_id,date,shift_pattern_id,confirmation) VALUES (2,"2022/04/06",2,"Y");
INSERT INTO shift(employee_id,date,shift_pattern_id,confirmation) VALUES (2,"2022/04/07",2,"Y");
INSERT INTO shift(employee_id,date,shift_pattern_id,confirmation) VALUES (2,"2022/04/08",2,"Y");
INSERT INTO shift(employee_id,date,shift_pattern_id,confirmation) VALUES (2,"2022/04/09",5,"Y");
INSERT INTO shift(employee_id,date,shift_pattern_id,confirmation) VALUES (2,"2022/04/10",5,"Y");
INSERT INTO shift(employee_id,date,shift_pattern_id,confirmation) VALUES (2,"2022/04/11",2,"Y");
INSERT INTO shift(employee_id,date,shift_pattern_id,confirmation) VALUES (2,"2022/04/12",2,"Y");
INSERT INTO shift(employee_id,date,shift_pattern_id,confirmation) VALUES (2,"2022/04/13",2,"Y");
INSERT INTO shift(employee_id,date,shift_pattern_id,confirmation) VALUES (2,"2022/04/14",2,"Y");
INSERT INTO shift(employee_id,date,shift_pattern_id,confirmation) VALUES (2,"2022/04/15",2,"Y");
INSERT INTO shift(employee_id,date,shift_pattern_id,confirmation) VALUES (2,"2022/04/16",5,"Y");
INSERT INTO shift(employee_id,date,shift_pattern_id,confirmation) VALUES (2,"2022/04/17",5,"Y");
INSERT INTO shift(employee_id,date,shift_pattern_id,confirmation) VALUES (2,"2022/04/18",2,"Y");
INSERT INTO shift(employee_id,date,shift_pattern_id,confirmation) VALUES (2,"2022/04/19",2,"Y");
INSERT INTO shift(employee_id,date,shift_pattern_id,confirmation) VALUES (2,"2022/04/20",2,"Y");
INSERT INTO shift(employee_id,date,shift_pattern_id,confirmation) VALUES (2,"2022/04/21",2,"Y");
INSERT INTO shift(employee_id,date,shift_pattern_id,confirmation) VALUES (2,"2022/04/22",2,"Y");
INSERT INTO shift(employee_id,date,shift_pattern_id,confirmation) VALUES (2,"2022/04/23",5,"Y");
INSERT INTO shift(employee_id,date,shift_pattern_id,confirmation) VALUES (2,"2022/04/24",5,"Y");
INSERT INTO shift(employee_id,date,shift_pattern_id,confirmation) VALUES (2,"2022/04/25",2,"Y");
INSERT INTO shift(employee_id,date,shift_pattern_id,confirmation) VALUES (2,"2022/04/26",2,"Y");
INSERT INTO shift(employee_id,date,shift_pattern_id,confirmation) VALUES (2,"2022/04/27",2,"Y");
INSERT INTO shift(employee_id,date,shift_pattern_id,confirmation) VALUES (2,"2022/04/28",2,"Y");
INSERT INTO shift(employee_id,date,shift_pattern_id,confirmation) VALUES (2,"2022/04/29",5,"Y");
INSERT INTO shift(employee_id,date,shift_pattern_id,confirmation) VALUES (2,"2022/04/30",5,"Y");
INSERT INTO shift(employee_id,date,shift_pattern_id,confirmation) VALUES (3,"2022/04/01",2,"Y");
INSERT INTO shift(employee_id,date,shift_pattern_id,confirmation) VALUES (3,"2022/04/02",5,"Y");
INSERT INTO shift(employee_id,date,shift_pattern_id,confirmation) VALUES (3,"2022/04/03",5,"Y");
INSERT INTO shift(employee_id,date,shift_pattern_id,confirmation) VALUES (3,"2022/04/04",2,"Y");
INSERT INTO shift(employee_id,date,shift_pattern_id,confirmation) VALUES (3,"2022/04/05",2,"Y");
INSERT INTO shift(employee_id,date,shift_pattern_id,confirmation) VALUES (3,"2022/04/06",2,"Y");
INSERT INTO shift(employee_id,date,shift_pattern_id,confirmation) VALUES (3,"2022/04/07",2,"Y");
INSERT INTO shift(employee_id,date,shift_pattern_id,confirmation) VALUES (3,"2022/04/08",2,"Y");
INSERT INTO shift(employee_id,date,shift_pattern_id,confirmation) VALUES (3,"2022/04/09",5,"Y");
INSERT INTO shift(employee_id,date,shift_pattern_id,confirmation) VALUES (3,"2022/04/10",5,"Y");
INSERT INTO shift(employee_id,date,shift_pattern_id,confirmation) VALUES (3,"2022/04/11",2,"Y");
INSERT INTO shift(employee_id,date,shift_pattern_id,confirmation) VALUES (3,"2022/04/12",2,"Y");
INSERT INTO shift(employee_id,date,shift_pattern_id,confirmation) VALUES (3,"2022/04/13",2,"Y");
INSERT INTO shift(employee_id,date,shift_pattern_id,confirmation) VALUES (3,"2022/04/14",2,"Y");
INSERT INTO shift(employee_id,date,shift_pattern_id,confirmation) VALUES (3,"2022/04/15",2,"Y");
INSERT INTO shift(employee_id,date,shift_pattern_id,confirmation) VALUES (3,"2022/04/16",5,"Y");
INSERT INTO shift(employee_id,date,shift_pattern_id,confirmation) VALUES (3,"2022/04/17",5,"Y");
INSERT INTO shift(employee_id,date,shift_pattern_id,confirmation) VALUES (3,"2022/04/18",2,"Y");
INSERT INTO shift(employee_id,date,shift_pattern_id,confirmation) VALUES (3,"2022/04/19",2,"Y");
INSERT INTO shift(employee_id,date,shift_pattern_id,confirmation) VALUES (3,"2022/04/20",2,"Y");
INSERT INTO shift(employee_id,date,shift_pattern_id,confirmation) VALUES (3,"2022/04/21",2,"Y");
INSERT INTO shift(employee_id,date,shift_pattern_id,confirmation) VALUES (3,"2022/04/22",2,"Y");
INSERT INTO shift(employee_id,date,shift_pattern_id,confirmation) VALUES (3,"2022/04/23",5,"Y");
INSERT INTO shift(employee_id,date,shift_pattern_id,confirmation) VALUES (3,"2022/04/24",5,"Y");
INSERT INTO shift(employee_id,date,shift_pattern_id,confirmation) VALUES (3,"2022/04/25",2,"Y");
INSERT INTO shift(employee_id,date,shift_pattern_id,confirmation) VALUES (3,"2022/04/26",2,"Y");
INSERT INTO shift(employee_id,date,shift_pattern_id,confirmation) VALUES (3,"2022/04/27",2,"Y");
INSERT INTO shift(employee_id,date,shift_pattern_id,confirmation) VALUES (3,"2022/04/28",2,"Y");
INSERT INTO shift(employee_id,date,shift_pattern_id,confirmation) VALUES (3,"2022/04/29",5,"Y");
INSERT INTO shift(employee_id,date,shift_pattern_id,confirmation) VALUES (3,"2022/04/30",5,"Y");
INSERT INTO shift(employee_id,date,shift_pattern_id,confirmation) VALUES (4,"2022/04/01",1,"Y");
INSERT INTO shift(employee_id,date,shift_pattern_id,confirmation) VALUES (4,"2022/04/02",5,"Y");
INSERT INTO shift(employee_id,date,shift_pattern_id,confirmation) VALUES (4,"2022/04/03",5,"Y");
INSERT INTO shift(employee_id,date,shift_pattern_id,confirmation) VALUES (4,"2022/04/04",1,"Y");
INSERT INTO shift(employee_id,date,shift_pattern_id,confirmation) VALUES (4,"2022/04/05",1,"Y");
INSERT INTO shift(employee_id,date,shift_pattern_id,confirmation) VALUES (4,"2022/04/06",1,"Y");
INSERT INTO shift(employee_id,date,shift_pattern_id,confirmation) VALUES (4,"2022/04/07",1,"Y");
INSERT INTO shift(employee_id,date,shift_pattern_id,confirmation) VALUES (4,"2022/04/08",1,"Y");
INSERT INTO shift(employee_id,date,shift_pattern_id,confirmation) VALUES (4,"2022/04/09",5,"Y");
INSERT INTO shift(employee_id,date,shift_pattern_id,confirmation) VALUES (4,"2022/04/10",5,"Y");
INSERT INTO shift(employee_id,date,shift_pattern_id,confirmation) VALUES (4,"2022/04/11",1,"Y");
INSERT INTO shift(employee_id,date,shift_pattern_id,confirmation) VALUES (4,"2022/04/12",1,"Y");
INSERT INTO shift(employee_id,date,shift_pattern_id,confirmation) VALUES (4,"2022/04/13",1,"Y");
INSERT INTO shift(employee_id,date,shift_pattern_id,confirmation) VALUES (4,"2022/04/14",1,"Y");
INSERT INTO shift(employee_id,date,shift_pattern_id,confirmation) VALUES (4,"2022/04/15",1,"Y");
INSERT INTO shift(employee_id,date,shift_pattern_id,confirmation) VALUES (4,"2022/04/16",5,"Y");
INSERT INTO shift(employee_id,date,shift_pattern_id,confirmation) VALUES (4,"2022/04/17",5,"Y");
INSERT INTO shift(employee_id,date,shift_pattern_id,confirmation) VALUES (4,"2022/04/18",1,"Y");
INSERT INTO shift(employee_id,date,shift_pattern_id,confirmation) VALUES (4,"2022/04/19",1,"Y");
INSERT INTO shift(employee_id,date,shift_pattern_id,confirmation) VALUES (4,"2022/04/20",1,"Y");
INSERT INTO shift(employee_id,date,shift_pattern_id,confirmation) VALUES (4,"2022/04/21",1,"Y");
INSERT INTO shift(employee_id,date,shift_pattern_id,confirmation) VALUES (4,"2022/04/22",1,"Y");
INSERT INTO shift(employee_id,date,shift_pattern_id,confirmation) VALUES (4,"2022/04/23",5,"Y");
INSERT INTO shift(employee_id,date,shift_pattern_id,confirmation) VALUES (4,"2022/04/24",5,"Y");
INSERT INTO shift(employee_id,date,shift_pattern_id,confirmation) VALUES (4,"2022/04/25",1,"Y");
INSERT INTO shift(employee_id,date,shift_pattern_id,confirmation) VALUES (4,"2022/04/26",1,"Y");
INSERT INTO shift(employee_id,date,shift_pattern_id,confirmation) VALUES (4,"2022/04/27",1,"Y");
INSERT INTO shift(employee_id,date,shift_pattern_id,confirmation) VALUES (4,"2022/04/28",1,"Y");
INSERT INTO shift(employee_id,date,shift_pattern_id,confirmation) VALUES (4,"2022/04/29",5,"Y");
INSERT INTO shift(employee_id,date,shift_pattern_id,confirmation) VALUES (4,"2022/04/30",5,"Y");
INSERT INTO shift(employee_id,date,shift_pattern_id,confirmation) VALUES (5,"2022/04/01",3,"Y");
INSERT INTO shift(employee_id,date,shift_pattern_id,confirmation) VALUES (5,"2022/04/02",5,"Y");
INSERT INTO shift(employee_id,date,shift_pattern_id,confirmation) VALUES (5,"2022/04/03",5,"Y");
INSERT INTO shift(employee_id,date,shift_pattern_id,confirmation) VALUES (5,"2022/04/04",3,"Y");
INSERT INTO shift(employee_id,date,shift_pattern_id,confirmation) VALUES (5,"2022/04/05",3,"Y");
INSERT INTO shift(employee_id,date,shift_pattern_id,confirmation) VALUES (5,"2022/04/06",3,"Y");
INSERT INTO shift(employee_id,date,shift_pattern_id,confirmation) VALUES (5,"2022/04/07",3,"Y");
INSERT INTO shift(employee_id,date,shift_pattern_id,confirmation) VALUES (5,"2022/04/08",3,"Y");
INSERT INTO shift(employee_id,date,shift_pattern_id,confirmation) VALUES (5,"2022/04/09",5,"Y");
INSERT INTO shift(employee_id,date,shift_pattern_id,confirmation) VALUES (5,"2022/04/10",5,"Y");
INSERT INTO shift(employee_id,date,shift_pattern_id,confirmation) VALUES (5,"2022/04/11",3,"Y");
INSERT INTO shift(employee_id,date,shift_pattern_id,confirmation) VALUES (5,"2022/04/12",3,"Y");
INSERT INTO shift(employee_id,date,shift_pattern_id,confirmation) VALUES (5,"2022/04/13",3,"Y");
INSERT INTO shift(employee_id,date,shift_pattern_id,confirmation) VALUES (5,"2022/04/14",3,"Y");
INSERT INTO shift(employee_id,date,shift_pattern_id,confirmation) VALUES (5,"2022/04/15",3,"Y");
INSERT INTO shift(employee_id,date,shift_pattern_id,confirmation) VALUES (5,"2022/04/16",5,"Y");
INSERT INTO shift(employee_id,date,shift_pattern_id,confirmation) VALUES (5,"2022/04/17",5,"Y");
INSERT INTO shift(employee_id,date,shift_pattern_id,confirmation) VALUES (5,"2022/04/18",3,"Y");
INSERT INTO shift(employee_id,date,shift_pattern_id,confirmation) VALUES (5,"2022/04/19",3,"Y");
INSERT INTO shift(employee_id,date,shift_pattern_id,confirmation) VALUES (5,"2022/04/20",3,"Y");
INSERT INTO shift(employee_id,date,shift_pattern_id,confirmation) VALUES (5,"2022/04/21",3,"Y");
INSERT INTO shift(employee_id,date,shift_pattern_id,confirmation) VALUES (5,"2022/04/22",3,"Y");
INSERT INTO shift(employee_id,date,shift_pattern_id,confirmation) VALUES (5,"2022/04/23",5,"Y");
INSERT INTO shift(employee_id,date,shift_pattern_id,confirmation) VALUES (5,"2022/04/24",5,"Y");
INSERT INTO shift(employee_id,date,shift_pattern_id,confirmation) VALUES (5,"2022/04/25",3,"Y");
INSERT INTO shift(employee_id,date,shift_pattern_id,confirmation) VALUES (5,"2022/04/26",3,"Y");
INSERT INTO shift(employee_id,date,shift_pattern_id,confirmation) VALUES (5,"2022/04/27",3,"Y");
INSERT INTO shift(employee_id,date,shift_pattern_id,confirmation) VALUES (5,"2022/04/28",3,"Y");
INSERT INTO shift(employee_id,date,shift_pattern_id,confirmation) VALUES (5,"2022/04/29",5,"Y");
INSERT INTO shift(employee_id,date,shift_pattern_id,confirmation) VALUES (5,"2022/04/30",5,"Y");
INSERT INTO shift(employee_id,date,shift_pattern_id,confirmation) VALUES (6,"2022/04/01",1,"Y");
INSERT INTO shift(employee_id,date,shift_pattern_id,confirmation) VALUES (6,"2022/04/02",5,"Y");
INSERT INTO shift(employee_id,date,shift_pattern_id,confirmation) VALUES (6,"2022/04/03",5,"Y");
INSERT INTO shift(employee_id,date,shift_pattern_id,confirmation) VALUES (6,"2022/04/04",1,"Y");
INSERT INTO shift(employee_id,date,shift_pattern_id,confirmation) VALUES (6,"2022/04/05",1,"Y");
INSERT INTO shift(employee_id,date,shift_pattern_id,confirmation) VALUES (6,"2022/04/06",1,"Y");
INSERT INTO shift(employee_id,date,shift_pattern_id,confirmation) VALUES (6,"2022/04/07",1,"Y");
INSERT INTO shift(employee_id,date,shift_pattern_id,confirmation) VALUES (6,"2022/04/08",1,"Y");
INSERT INTO shift(employee_id,date,shift_pattern_id,confirmation) VALUES (6,"2022/04/09",5,"Y");
INSERT INTO shift(employee_id,date,shift_pattern_id,confirmation) VALUES (6,"2022/04/10",5,"Y");
INSERT INTO shift(employee_id,date,shift_pattern_id,confirmation) VALUES (6,"2022/04/11",1,"Y");
INSERT INTO shift(employee_id,date,shift_pattern_id,confirmation) VALUES (6,"2022/04/12",1,"Y");
INSERT INTO shift(employee_id,date,shift_pattern_id,confirmation) VALUES (6,"2022/04/13",1,"Y");
INSERT INTO shift(employee_id,date,shift_pattern_id,confirmation) VALUES (6,"2022/04/14",1,"Y");
INSERT INTO shift(employee_id,date,shift_pattern_id,confirmation) VALUES (6,"2022/04/15",1,"Y");
INSERT INTO shift(employee_id,date,shift_pattern_id,confirmation) VALUES (6,"2022/04/16",5,"Y");
INSERT INTO shift(employee_id,date,shift_pattern_id,confirmation) VALUES (6,"2022/04/17",5,"Y");
INSERT INTO shift(employee_id,date,shift_pattern_id,confirmation) VALUES (6,"2022/04/18",1,"Y");
INSERT INTO shift(employee_id,date,shift_pattern_id,confirmation) VALUES (6,"2022/04/19",1,"Y");
INSERT INTO shift(employee_id,date,shift_pattern_id,confirmation) VALUES (6,"2022/04/20",1,"Y");
INSERT INTO shift(employee_id,date,shift_pattern_id,confirmation) VALUES (6,"2022/04/21",1,"Y");
INSERT INTO shift(employee_id,date,shift_pattern_id,confirmation) VALUES (6,"2022/04/22",1,"Y");
INSERT INTO shift(employee_id,date,shift_pattern_id,confirmation) VALUES (6,"2022/04/23",5,"Y");
INSERT INTO shift(employee_id,date,shift_pattern_id,confirmation) VALUES (6,"2022/04/24",5,"Y");
INSERT INTO shift(employee_id,date,shift_pattern_id,confirmation) VALUES (6,"2022/04/25",1,"Y");
INSERT INTO shift(employee_id,date,shift_pattern_id,confirmation) VALUES (6,"2022/04/26",1,"Y");
INSERT INTO shift(employee_id,date,shift_pattern_id,confirmation) VALUES (6,"2022/04/27",1,"Y");
INSERT INTO shift(employee_id,date,shift_pattern_id,confirmation) VALUES (6,"2022/04/28",1,"Y");
INSERT INTO shift(employee_id,date,shift_pattern_id,confirmation) VALUES (6,"2022/04/29",5,"Y");
INSERT INTO shift(employee_id,date,shift_pattern_id,confirmation) VALUES (6,"2022/04/30",5,"Y");
INSERT INTO shift(employee_id,date,shift_pattern_id,confirmation) VALUES (7,"2022/04/01",3,"Y");
INSERT INTO shift(employee_id,date,shift_pattern_id,confirmation) VALUES (7,"2022/04/02",5,"Y");
INSERT INTO shift(employee_id,date,shift_pattern_id,confirmation) VALUES (7,"2022/04/03",5,"Y");
INSERT INTO shift(employee_id,date,shift_pattern_id,confirmation) VALUES (7,"2022/04/04",3,"Y");
INSERT INTO shift(employee_id,date,shift_pattern_id,confirmation) VALUES (7,"2022/04/05",3,"Y");
INSERT INTO shift(employee_id,date,shift_pattern_id,confirmation) VALUES (7,"2022/04/06",3,"Y");
INSERT INTO shift(employee_id,date,shift_pattern_id,confirmation) VALUES (7,"2022/04/07",3,"Y");
INSERT INTO shift(employee_id,date,shift_pattern_id,confirmation) VALUES (7,"2022/04/08",3,"Y");
INSERT INTO shift(employee_id,date,shift_pattern_id,confirmation) VALUES (7,"2022/04/09",5,"Y");
INSERT INTO shift(employee_id,date,shift_pattern_id,confirmation) VALUES (7,"2022/04/10",5,"Y");
INSERT INTO shift(employee_id,date,shift_pattern_id,confirmation) VALUES (7,"2022/04/11",3,"Y");
INSERT INTO shift(employee_id,date,shift_pattern_id,confirmation) VALUES (7,"2022/04/12",3,"Y");
INSERT INTO shift(employee_id,date,shift_pattern_id,confirmation) VALUES (7,"2022/04/13",3,"Y");
INSERT INTO shift(employee_id,date,shift_pattern_id,confirmation) VALUES (7,"2022/04/14",3,"Y");
INSERT INTO shift(employee_id,date,shift_pattern_id,confirmation) VALUES (7,"2022/04/15",3,"Y");
INSERT INTO shift(employee_id,date,shift_pattern_id,confirmation) VALUES (7,"2022/04/16",5,"Y");
INSERT INTO shift(employee_id,date,shift_pattern_id,confirmation) VALUES (7,"2022/04/17",5,"Y");
INSERT INTO shift(employee_id,date,shift_pattern_id,confirmation) VALUES (7,"2022/04/18",3,"Y");
INSERT INTO shift(employee_id,date,shift_pattern_id,confirmation) VALUES (7,"2022/04/19",3,"Y");
INSERT INTO shift(employee_id,date,shift_pattern_id,confirmation) VALUES (7,"2022/04/20",3,"Y");
INSERT INTO shift(employee_id,date,shift_pattern_id,confirmation) VALUES (7,"2022/04/21",3,"Y");
INSERT INTO shift(employee_id,date,shift_pattern_id,confirmation) VALUES (7,"2022/04/22",3,"Y");
INSERT INTO shift(employee_id,date,shift_pattern_id,confirmation) VALUES (7,"2022/04/23",5,"Y");
INSERT INTO shift(employee_id,date,shift_pattern_id,confirmation) VALUES (7,"2022/04/24",5,"Y");
INSERT INTO shift(employee_id,date,shift_pattern_id,confirmation) VALUES (7,"2022/04/25",3,"Y");
INSERT INTO shift(employee_id,date,shift_pattern_id,confirmation) VALUES (7,"2022/04/26",3,"Y");
INSERT INTO shift(employee_id,date,shift_pattern_id,confirmation) VALUES (7,"2022/04/27",3,"Y");
INSERT INTO shift(employee_id,date,shift_pattern_id,confirmation) VALUES (7,"2022/04/28",3,"Y");
INSERT INTO shift(employee_id,date,shift_pattern_id,confirmation) VALUES (7,"2022/04/29",5,"Y");
INSERT INTO shift(employee_id,date,shift_pattern_id,confirmation) VALUES (7,"2022/04/30",5,"Y");
INSERT INTO shift(employee_id,date,shift_pattern_id,confirmation) VALUES (8,"2022/04/01",4,"Y");
INSERT INTO shift(employee_id,date,shift_pattern_id,confirmation) VALUES (8,"2022/04/02",5,"Y");
INSERT INTO shift(employee_id,date,shift_pattern_id,confirmation) VALUES (8,"2022/04/03",5,"Y");
INSERT INTO shift(employee_id,date,shift_pattern_id,confirmation) VALUES (8,"2022/04/04",4,"Y");
INSERT INTO shift(employee_id,date,shift_pattern_id,confirmation) VALUES (8,"2022/04/05",4,"Y");
INSERT INTO shift(employee_id,date,shift_pattern_id,confirmation) VALUES (8,"2022/04/06",4,"Y");
INSERT INTO shift(employee_id,date,shift_pattern_id,confirmation) VALUES (8,"2022/04/07",4,"Y");
INSERT INTO shift(employee_id,date,shift_pattern_id,confirmation) VALUES (8,"2022/04/08",4,"Y");
INSERT INTO shift(employee_id,date,shift_pattern_id,confirmation) VALUES (8,"2022/04/09",5,"Y");
INSERT INTO shift(employee_id,date,shift_pattern_id,confirmation) VALUES (8,"2022/04/10",5,"Y");
INSERT INTO shift(employee_id,date,shift_pattern_id,confirmation) VALUES (8,"2022/04/11",4,"Y");
INSERT INTO shift(employee_id,date,shift_pattern_id,confirmation) VALUES (8,"2022/04/12",4,"Y");
INSERT INTO shift(employee_id,date,shift_pattern_id,confirmation) VALUES (8,"2022/04/13",4,"Y");
INSERT INTO shift(employee_id,date,shift_pattern_id,confirmation) VALUES (8,"2022/04/14",4,"Y");
INSERT INTO shift(employee_id,date,shift_pattern_id,confirmation) VALUES (8,"2022/04/15",4,"Y");
INSERT INTO shift(employee_id,date,shift_pattern_id,confirmation) VALUES (8,"2022/04/16",5,"Y");
INSERT INTO shift(employee_id,date,shift_pattern_id,confirmation) VALUES (8,"2022/04/17",5,"Y");
INSERT INTO shift(employee_id,date,shift_pattern_id,confirmation) VALUES (8,"2022/04/18",4,"Y");
INSERT INTO shift(employee_id,date,shift_pattern_id,confirmation) VALUES (8,"2022/04/19",4,"Y");
INSERT INTO shift(employee_id,date,shift_pattern_id,confirmation) VALUES (8,"2022/04/20",4,"Y");
INSERT INTO shift(employee_id,date,shift_pattern_id,confirmation) VALUES (8,"2022/04/21",4,"Y");
INSERT INTO shift(employee_id,date,shift_pattern_id,confirmation) VALUES (8,"2022/04/22",4,"Y");
INSERT INTO shift(employee_id,date,shift_pattern_id,confirmation) VALUES (8,"2022/04/23",5,"Y");
INSERT INTO shift(employee_id,date,shift_pattern_id,confirmation) VALUES (8,"2022/04/24",5,"Y");
INSERT INTO shift(employee_id,date,shift_pattern_id,confirmation) VALUES (8,"2022/04/25",4,"Y");
INSERT INTO shift(employee_id,date,shift_pattern_id,confirmation) VALUES (8,"2022/04/26",4,"Y");
INSERT INTO shift(employee_id,date,shift_pattern_id,confirmation) VALUES (8,"2022/04/27",4,"Y");
INSERT INTO shift(employee_id,date,shift_pattern_id,confirmation) VALUES (8,"2022/04/28",4,"Y");
INSERT INTO shift(employee_id,date,shift_pattern_id,confirmation) VALUES (8,"2022/04/29",5,"Y");
INSERT INTO shift(employee_id,date,shift_pattern_id,confirmation) VALUES (8,"2022/04/30",5,"Y");
INSERT INTO shift(employee_id,date,shift_pattern_id,confirmation) VALUES (9,"2022/04/01",3,"Y");
INSERT INTO shift(employee_id,date,shift_pattern_id,confirmation) VALUES (9,"2022/04/02",5,"Y");
INSERT INTO shift(employee_id,date,shift_pattern_id,confirmation) VALUES (9,"2022/04/03",5,"Y");
INSERT INTO shift(employee_id,date,shift_pattern_id,confirmation) VALUES (9,"2022/04/04",3,"Y");
INSERT INTO shift(employee_id,date,shift_pattern_id,confirmation) VALUES (9,"2022/04/05",3,"Y");
INSERT INTO shift(employee_id,date,shift_pattern_id,confirmation) VALUES (9,"2022/04/06",3,"Y");
INSERT INTO shift(employee_id,date,shift_pattern_id,confirmation) VALUES (9,"2022/04/07",3,"Y");
INSERT INTO shift(employee_id,date,shift_pattern_id,confirmation) VALUES (9,"2022/04/08",3,"Y");
INSERT INTO shift(employee_id,date,shift_pattern_id,confirmation) VALUES (9,"2022/04/09",5,"Y");
INSERT INTO shift(employee_id,date,shift_pattern_id,confirmation) VALUES (9,"2022/04/10",5,"Y");
INSERT INTO shift(employee_id,date,shift_pattern_id,confirmation) VALUES (9,"2022/04/11",3,"Y");
INSERT INTO shift(employee_id,date,shift_pattern_id,confirmation) VALUES (9,"2022/04/12",3,"Y");
INSERT INTO shift(employee_id,date,shift_pattern_id,confirmation) VALUES (9,"2022/04/13",3,"Y");
INSERT INTO shift(employee_id,date,shift_pattern_id,confirmation) VALUES (9,"2022/04/14",3,"Y");
INSERT INTO shift(employee_id,date,shift_pattern_id,confirmation) VALUES (9,"2022/04/15",3,"Y");
INSERT INTO shift(employee_id,date,shift_pattern_id,confirmation) VALUES (9,"2022/04/16",5,"Y");
INSERT INTO shift(employee_id,date,shift_pattern_id,confirmation) VALUES (9,"2022/04/17",5,"Y");
INSERT INTO shift(employee_id,date,shift_pattern_id,confirmation) VALUES (9,"2022/04/18",3,"Y");
INSERT INTO shift(employee_id,date,shift_pattern_id,confirmation) VALUES (9,"2022/04/19",3,"Y");
INSERT INTO shift(employee_id,date,shift_pattern_id,confirmation) VALUES (9,"2022/04/20",3,"Y");
INSERT INTO shift(employee_id,date,shift_pattern_id,confirmation) VALUES (9,"2022/04/21",3,"Y");
INSERT INTO shift(employee_id,date,shift_pattern_id,confirmation) VALUES (9,"2022/04/22",3,"Y");
INSERT INTO shift(employee_id,date,shift_pattern_id,confirmation) VALUES (9,"2022/04/23",5,"Y");
INSERT INTO shift(employee_id,date,shift_pattern_id,confirmation) VALUES (9,"2022/04/24",5,"Y");
INSERT INTO shift(employee_id,date,shift_pattern_id,confirmation) VALUES (9,"2022/04/25",3,"Y");
INSERT INTO shift(employee_id,date,shift_pattern_id,confirmation) VALUES (9,"2022/04/26",3,"Y");
INSERT INTO shift(employee_id,date,shift_pattern_id,confirmation) VALUES (9,"2022/04/27",3,"Y");
INSERT INTO shift(employee_id,date,shift_pattern_id,confirmation) VALUES (9,"2022/04/28",3,"Y");
INSERT INTO shift(employee_id,date,shift_pattern_id,confirmation) VALUES (9,"2022/04/29",5,"Y");
INSERT INTO shift(employee_id,date,shift_pattern_id,confirmation) VALUES (9,"2022/04/30",5,"Y");
INSERT INTO shift(employee_id,date,shift_pattern_id,confirmation) VALUES (10,"2022/04/01",4,"Y");
INSERT INTO shift(employee_id,date,shift_pattern_id,confirmation) VALUES (10,"2022/04/02",5,"Y");
INSERT INTO shift(employee_id,date,shift_pattern_id,confirmation) VALUES (10,"2022/04/03",5,"Y");
INSERT INTO shift(employee_id,date,shift_pattern_id,confirmation) VALUES (10,"2022/04/04",4,"Y");
INSERT INTO shift(employee_id,date,shift_pattern_id,confirmation) VALUES (10,"2022/04/05",4,"Y");
INSERT INTO shift(employee_id,date,shift_pattern_id,confirmation) VALUES (10,"2022/04/06",4,"Y");
INSERT INTO shift(employee_id,date,shift_pattern_id,confirmation) VALUES (10,"2022/04/07",4,"Y");
INSERT INTO shift(employee_id,date,shift_pattern_id,confirmation) VALUES (10,"2022/04/08",4,"Y");
INSERT INTO shift(employee_id,date,shift_pattern_id,confirmation) VALUES (10,"2022/04/09",5,"Y");
INSERT INTO shift(employee_id,date,shift_pattern_id,confirmation) VALUES (10,"2022/04/10",5,"Y");
INSERT INTO shift(employee_id,date,shift_pattern_id,confirmation) VALUES (10,"2022/04/11",4,"Y");
INSERT INTO shift(employee_id,date,shift_pattern_id,confirmation) VALUES (10,"2022/04/12",4,"Y");
INSERT INTO shift(employee_id,date,shift_pattern_id,confirmation) VALUES (10,"2022/04/13",4,"Y");
INSERT INTO shift(employee_id,date,shift_pattern_id,confirmation) VALUES (10,"2022/04/14",4,"Y");
INSERT INTO shift(employee_id,date,shift_pattern_id,confirmation) VALUES (10,"2022/04/15",4,"Y");
INSERT INTO shift(employee_id,date,shift_pattern_id,confirmation) VALUES (10,"2022/04/16",5,"Y");
INSERT INTO shift(employee_id,date,shift_pattern_id,confirmation) VALUES (10,"2022/04/17",5,"Y");
INSERT INTO shift(employee_id,date,shift_pattern_id,confirmation) VALUES (10,"2022/04/18",4,"Y");
INSERT INTO shift(employee_id,date,shift_pattern_id,confirmation) VALUES (10,"2022/04/19",4,"Y");
INSERT INTO shift(employee_id,date,shift_pattern_id,confirmation) VALUES (10,"2022/04/20",4,"Y");
INSERT INTO shift(employee_id,date,shift_pattern_id,confirmation) VALUES (10,"2022/04/21",4,"Y");
INSERT INTO shift(employee_id,date,shift_pattern_id,confirmation) VALUES (10,"2022/04/22",4,"Y");
INSERT INTO shift(employee_id,date,shift_pattern_id,confirmation) VALUES (10,"2022/04/23",5,"Y");
INSERT INTO shift(employee_id,date,shift_pattern_id,confirmation) VALUES (10,"2022/04/24",5,"Y");
INSERT INTO shift(employee_id,date,shift_pattern_id,confirmation) VALUES (10,"2022/04/25",4,"Y");
INSERT INTO shift(employee_id,date,shift_pattern_id,confirmation) VALUES (10,"2022/04/26",4,"Y");
INSERT INTO shift(employee_id,date,shift_pattern_id,confirmation) VALUES (10,"2022/04/27",4,"Y");
INSERT INTO shift(employee_id,date,shift_pattern_id,confirmation) VALUES (10,"2022/04/28",4,"Y");
INSERT INTO shift(employee_id,date,shift_pattern_id,confirmation) VALUES (10,"2022/04/29",5,"Y");
INSERT INTO shift(employee_id,date,shift_pattern_id,confirmation) VALUES (10,"2022/04/30",5,"Y");
INSERT INTO shift(employee_id,date,shift_pattern_id,confirmation) VALUES (1,"2022/05/01",5,"Y");
INSERT INTO shift(employee_id,date,shift_pattern_id,confirmation) VALUES (1,"2022/05/02",2,"Y");
INSERT INTO shift(employee_id,date,shift_pattern_id,confirmation) VALUES (1,"2022/05/03",5,"Y");
INSERT INTO shift(employee_id,date,shift_pattern_id,confirmation) VALUES (1,"2022/05/04",5,"Y");
INSERT INTO shift(employee_id,date,shift_pattern_id,confirmation) VALUES (1,"2022/05/05",5,"Y");
INSERT INTO shift(employee_id,date,shift_pattern_id,confirmation) VALUES (1,"2022/05/06",2,"Y");
INSERT INTO shift(employee_id,date,shift_pattern_id,confirmation) VALUES (1,"2022/05/07",5,"Y");
INSERT INTO shift(employee_id,date,shift_pattern_id,confirmation) VALUES (1,"2022/05/08",5,"Y");
INSERT INTO shift(employee_id,date,shift_pattern_id,confirmation) VALUES (1,"2022/05/09",2,"Y");
INSERT INTO shift(employee_id,date,shift_pattern_id,confirmation) VALUES (1,"2022/05/10",2,"Y");
INSERT INTO shift(employee_id,date,shift_pattern_id,confirmation) VALUES (1,"2022/05/11",2,"Y");
INSERT INTO shift(employee_id,date,shift_pattern_id,confirmation) VALUES (1,"2022/05/12",2,"Y");
INSERT INTO shift(employee_id,date,shift_pattern_id,confirmation) VALUES (1,"2022/05/13",2,"Y");
INSERT INTO shift(employee_id,date,shift_pattern_id,confirmation) VALUES (1,"2022/05/14",5,"Y");
INSERT INTO shift(employee_id,date,shift_pattern_id,confirmation) VALUES (1,"2022/05/15",5,"Y");
INSERT INTO shift(employee_id,date,shift_pattern_id,confirmation) VALUES (1,"2022/05/16",2,"Y");
INSERT INTO shift(employee_id,date,shift_pattern_id,confirmation) VALUES (1,"2022/05/17",2,"Y");
INSERT INTO shift(employee_id,date,shift_pattern_id,confirmation) VALUES (1,"2022/05/18",2,"Y");
INSERT INTO shift(employee_id,date,shift_pattern_id,confirmation) VALUES (1,"2022/05/19",2,"Y");
INSERT INTO shift(employee_id,date,shift_pattern_id,confirmation) VALUES (1,"2022/05/20",2,"Y");
INSERT INTO shift(employee_id,date,shift_pattern_id,confirmation) VALUES (1,"2022/05/21",5,"Y");
INSERT INTO shift(employee_id,date,shift_pattern_id,confirmation) VALUES (1,"2022/05/22",5,"Y");
INSERT INTO shift(employee_id,date,shift_pattern_id,confirmation) VALUES (1,"2022/05/23",2,"Y");
INSERT INTO shift(employee_id,date,shift_pattern_id,confirmation) VALUES (1,"2022/05/24",2,"Y");
INSERT INTO shift(employee_id,date,shift_pattern_id,confirmation) VALUES (1,"2022/05/25",2,"Y");
INSERT INTO shift(employee_id,date,shift_pattern_id,confirmation) VALUES (1,"2022/05/26",2,"Y");
INSERT INTO shift(employee_id,date,shift_pattern_id,confirmation) VALUES (1,"2022/05/27",2,"Y");
INSERT INTO shift(employee_id,date,shift_pattern_id,confirmation) VALUES (1,"2022/05/28",5,"Y");
INSERT INTO shift(employee_id,date,shift_pattern_id,confirmation) VALUES (1,"2022/05/29",5,"Y");
INSERT INTO shift(employee_id,date,shift_pattern_id,confirmation) VALUES (1,"2022/05/30",2,"Y");
INSERT INTO shift(employee_id,date,shift_pattern_id,confirmation) VALUES (1,"2022/05/31",2,"Y");
INSERT INTO shift(employee_id,date,shift_pattern_id,confirmation) VALUES (2,"2022/05/01",5,"Y");
INSERT INTO shift(employee_id,date,shift_pattern_id,confirmation) VALUES (2,"2022/05/02",2,"Y");
INSERT INTO shift(employee_id,date,shift_pattern_id,confirmation) VALUES (2,"2022/05/03",5,"Y");
INSERT INTO shift(employee_id,date,shift_pattern_id,confirmation) VALUES (2,"2022/05/04",5,"Y");
INSERT INTO shift(employee_id,date,shift_pattern_id,confirmation) VALUES (2,"2022/05/05",5,"Y");
INSERT INTO shift(employee_id,date,shift_pattern_id,confirmation) VALUES (2,"2022/05/06",2,"Y");
INSERT INTO shift(employee_id,date,shift_pattern_id,confirmation) VALUES (2,"2022/05/07",5,"Y");
INSERT INTO shift(employee_id,date,shift_pattern_id,confirmation) VALUES (2,"2022/05/08",5,"Y");
INSERT INTO shift(employee_id,date,shift_pattern_id,confirmation) VALUES (2,"2022/05/09",2,"Y");
INSERT INTO shift(employee_id,date,shift_pattern_id,confirmation) VALUES (2,"2022/05/10",2,"Y");
INSERT INTO shift(employee_id,date,shift_pattern_id,confirmation) VALUES (2,"2022/05/11",2,"Y");
INSERT INTO shift(employee_id,date,shift_pattern_id,confirmation) VALUES (2,"2022/05/12",2,"Y");
INSERT INTO shift(employee_id,date,shift_pattern_id,confirmation) VALUES (2,"2022/05/13",2,"Y");
INSERT INTO shift(employee_id,date,shift_pattern_id,confirmation) VALUES (2,"2022/05/14",5,"Y");
INSERT INTO shift(employee_id,date,shift_pattern_id,confirmation) VALUES (2,"2022/05/15",5,"Y");
INSERT INTO shift(employee_id,date,shift_pattern_id,confirmation) VALUES (2,"2022/05/16",2,"Y");
INSERT INTO shift(employee_id,date,shift_pattern_id,confirmation) VALUES (2,"2022/05/17",2,"Y");
INSERT INTO shift(employee_id,date,shift_pattern_id,confirmation) VALUES (2,"2022/05/18",2,"Y");
INSERT INTO shift(employee_id,date,shift_pattern_id,confirmation) VALUES (2,"2022/05/19",2,"Y");
INSERT INTO shift(employee_id,date,shift_pattern_id,confirmation) VALUES (2,"2022/05/20",2,"Y");
INSERT INTO shift(employee_id,date,shift_pattern_id,confirmation) VALUES (2,"2022/05/21",5,"Y");
INSERT INTO shift(employee_id,date,shift_pattern_id,confirmation) VALUES (2,"2022/05/22",5,"Y");
INSERT INTO shift(employee_id,date,shift_pattern_id,confirmation) VALUES (2,"2022/05/23",2,"Y");
INSERT INTO shift(employee_id,date,shift_pattern_id,confirmation) VALUES (2,"2022/05/24",2,"Y");
INSERT INTO shift(employee_id,date,shift_pattern_id,confirmation) VALUES (2,"2022/05/25",2,"Y");
INSERT INTO shift(employee_id,date,shift_pattern_id,confirmation) VALUES (2,"2022/05/26",2,"Y");
INSERT INTO shift(employee_id,date,shift_pattern_id,confirmation) VALUES (2,"2022/05/27",2,"Y");
INSERT INTO shift(employee_id,date,shift_pattern_id,confirmation) VALUES (2,"2022/05/28",5,"Y");
INSERT INTO shift(employee_id,date,shift_pattern_id,confirmation) VALUES (2,"2022/05/29",5,"Y");
INSERT INTO shift(employee_id,date,shift_pattern_id,confirmation) VALUES (2,"2022/05/30",2,"Y");
INSERT INTO shift(employee_id,date,shift_pattern_id,confirmation) VALUES (2,"2022/05/31",2,"Y");
INSERT INTO shift(employee_id,date,shift_pattern_id,confirmation) VALUES (3,"2022/05/01",5,"Y");
INSERT INTO shift(employee_id,date,shift_pattern_id,confirmation) VALUES (3,"2022/05/02",2,"Y");
INSERT INTO shift(employee_id,date,shift_pattern_id,confirmation) VALUES (3,"2022/05/03",5,"Y");
INSERT INTO shift(employee_id,date,shift_pattern_id,confirmation) VALUES (3,"2022/05/04",5,"Y");
INSERT INTO shift(employee_id,date,shift_pattern_id,confirmation) VALUES (3,"2022/05/05",5,"Y");
INSERT INTO shift(employee_id,date,shift_pattern_id,confirmation) VALUES (3,"2022/05/06",2,"Y");
INSERT INTO shift(employee_id,date,shift_pattern_id,confirmation) VALUES (3,"2022/05/07",5,"Y");
INSERT INTO shift(employee_id,date,shift_pattern_id,confirmation) VALUES (3,"2022/05/08",5,"Y");
INSERT INTO shift(employee_id,date,shift_pattern_id,confirmation) VALUES (3,"2022/05/09",2,"Y");
INSERT INTO shift(employee_id,date,shift_pattern_id,confirmation) VALUES (3,"2022/05/10",2,"Y");
INSERT INTO shift(employee_id,date,shift_pattern_id,confirmation) VALUES (3,"2022/05/11",2,"Y");
INSERT INTO shift(employee_id,date,shift_pattern_id,confirmation) VALUES (3,"2022/05/12",2,"Y");
INSERT INTO shift(employee_id,date,shift_pattern_id,confirmation) VALUES (3,"2022/05/13",2,"Y");
INSERT INTO shift(employee_id,date,shift_pattern_id,confirmation) VALUES (3,"2022/05/14",5,"Y");
INSERT INTO shift(employee_id,date,shift_pattern_id,confirmation) VALUES (3,"2022/05/15",5,"Y");
INSERT INTO shift(employee_id,date,shift_pattern_id,confirmation) VALUES (3,"2022/05/16",2,"Y");
INSERT INTO shift(employee_id,date,shift_pattern_id,confirmation) VALUES (3,"2022/05/17",2,"Y");
INSERT INTO shift(employee_id,date,shift_pattern_id,confirmation) VALUES (3,"2022/05/18",2,"Y");
INSERT INTO shift(employee_id,date,shift_pattern_id,confirmation) VALUES (3,"2022/05/19",2,"Y");
INSERT INTO shift(employee_id,date,shift_pattern_id,confirmation) VALUES (3,"2022/05/20",2,"Y");
INSERT INTO shift(employee_id,date,shift_pattern_id,confirmation) VALUES (3,"2022/05/21",5,"Y");
INSERT INTO shift(employee_id,date,shift_pattern_id,confirmation) VALUES (3,"2022/05/22",5,"Y");
INSERT INTO shift(employee_id,date,shift_pattern_id,confirmation) VALUES (3,"2022/05/23",2,"Y");
INSERT INTO shift(employee_id,date,shift_pattern_id,confirmation) VALUES (3,"2022/05/24",2,"Y");
INSERT INTO shift(employee_id,date,shift_pattern_id,confirmation) VALUES (3,"2022/05/25",2,"Y");
INSERT INTO shift(employee_id,date,shift_pattern_id,confirmation) VALUES (3,"2022/05/26",2,"Y");
INSERT INTO shift(employee_id,date,shift_pattern_id,confirmation) VALUES (3,"2022/05/27",2,"Y");
INSERT INTO shift(employee_id,date,shift_pattern_id,confirmation) VALUES (3,"2022/05/28",5,"Y");
INSERT INTO shift(employee_id,date,shift_pattern_id,confirmation) VALUES (3,"2022/05/29",5,"Y");
INSERT INTO shift(employee_id,date,shift_pattern_id,confirmation) VALUES (3,"2022/05/30",2,"Y");
INSERT INTO shift(employee_id,date,shift_pattern_id,confirmation) VALUES (3,"2022/05/31",2,"Y");
INSERT INTO shift(employee_id,date,shift_pattern_id,confirmation) VALUES (4,"2022/05/01",5,"Y");
INSERT INTO shift(employee_id,date,shift_pattern_id,confirmation) VALUES (4,"2022/05/02",1,"Y");
INSERT INTO shift(employee_id,date,shift_pattern_id,confirmation) VALUES (4,"2022/05/03",5,"Y");
INSERT INTO shift(employee_id,date,shift_pattern_id,confirmation) VALUES (4,"2022/05/04",5,"Y");
INSERT INTO shift(employee_id,date,shift_pattern_id,confirmation) VALUES (4,"2022/05/05",5,"Y");
INSERT INTO shift(employee_id,date,shift_pattern_id,confirmation) VALUES (4,"2022/05/06",1,"Y");
INSERT INTO shift(employee_id,date,shift_pattern_id,confirmation) VALUES (4,"2022/05/07",5,"Y");
INSERT INTO shift(employee_id,date,shift_pattern_id,confirmation) VALUES (4,"2022/05/08",5,"Y");
INSERT INTO shift(employee_id,date,shift_pattern_id,confirmation) VALUES (4,"2022/05/09",1,"Y");
INSERT INTO shift(employee_id,date,shift_pattern_id,confirmation) VALUES (4,"2022/05/10",1,"Y");
INSERT INTO shift(employee_id,date,shift_pattern_id,confirmation) VALUES (4,"2022/05/11",1,"Y");
INSERT INTO shift(employee_id,date,shift_pattern_id,confirmation) VALUES (4,"2022/05/12",1,"Y");
INSERT INTO shift(employee_id,date,shift_pattern_id,confirmation) VALUES (4,"2022/05/13",1,"Y");
INSERT INTO shift(employee_id,date,shift_pattern_id,confirmation) VALUES (4,"2022/05/14",5,"Y");
INSERT INTO shift(employee_id,date,shift_pattern_id,confirmation) VALUES (4,"2022/05/15",5,"Y");
INSERT INTO shift(employee_id,date,shift_pattern_id,confirmation) VALUES (4,"2022/05/16",1,"Y");
INSERT INTO shift(employee_id,date,shift_pattern_id,confirmation) VALUES (4,"2022/05/17",1,"Y");
INSERT INTO shift(employee_id,date,shift_pattern_id,confirmation) VALUES (4,"2022/05/18",1,"Y");
INSERT INTO shift(employee_id,date,shift_pattern_id,confirmation) VALUES (4,"2022/05/19",1,"Y");
INSERT INTO shift(employee_id,date,shift_pattern_id,confirmation) VALUES (4,"2022/05/20",1,"Y");
INSERT INTO shift(employee_id,date,shift_pattern_id,confirmation) VALUES (4,"2022/05/21",5,"Y");
INSERT INTO shift(employee_id,date,shift_pattern_id,confirmation) VALUES (4,"2022/05/22",5,"Y");
INSERT INTO shift(employee_id,date,shift_pattern_id,confirmation) VALUES (4,"2022/05/23",1,"Y");
INSERT INTO shift(employee_id,date,shift_pattern_id,confirmation) VALUES (4,"2022/05/24",1,"Y");
INSERT INTO shift(employee_id,date,shift_pattern_id,confirmation) VALUES (4,"2022/05/25",1,"Y");
INSERT INTO shift(employee_id,date,shift_pattern_id,confirmation) VALUES (4,"2022/05/26",1,"Y");
INSERT INTO shift(employee_id,date,shift_pattern_id,confirmation) VALUES (4,"2022/05/27",1,"Y");
INSERT INTO shift(employee_id,date,shift_pattern_id,confirmation) VALUES (4,"2022/05/28",5,"Y");
INSERT INTO shift(employee_id,date,shift_pattern_id,confirmation) VALUES (4,"2022/05/29",5,"Y");
INSERT INTO shift(employee_id,date,shift_pattern_id,confirmation) VALUES (4,"2022/05/30",1,"Y");
INSERT INTO shift(employee_id,date,shift_pattern_id,confirmation) VALUES (4,"2022/05/31",1,"Y");
INSERT INTO shift(employee_id,date,shift_pattern_id,confirmation) VALUES (5,"2022/05/01",5,"Y");
INSERT INTO shift(employee_id,date,shift_pattern_id,confirmation) VALUES (5,"2022/05/02",3,"Y");
INSERT INTO shift(employee_id,date,shift_pattern_id,confirmation) VALUES (5,"2022/05/03",5,"Y");
INSERT INTO shift(employee_id,date,shift_pattern_id,confirmation) VALUES (5,"2022/05/04",5,"Y");
INSERT INTO shift(employee_id,date,shift_pattern_id,confirmation) VALUES (5,"2022/05/05",5,"Y");
INSERT INTO shift(employee_id,date,shift_pattern_id,confirmation) VALUES (5,"2022/05/06",3,"Y");
INSERT INTO shift(employee_id,date,shift_pattern_id,confirmation) VALUES (5,"2022/05/07",5,"Y");
INSERT INTO shift(employee_id,date,shift_pattern_id,confirmation) VALUES (5,"2022/05/08",5,"Y");
INSERT INTO shift(employee_id,date,shift_pattern_id,confirmation) VALUES (5,"2022/05/09",3,"Y");
INSERT INTO shift(employee_id,date,shift_pattern_id,confirmation) VALUES (5,"2022/05/10",3,"Y");
INSERT INTO shift(employee_id,date,shift_pattern_id,confirmation) VALUES (5,"2022/05/11",3,"Y");
INSERT INTO shift(employee_id,date,shift_pattern_id,confirmation) VALUES (5,"2022/05/12",3,"Y");
INSERT INTO shift(employee_id,date,shift_pattern_id,confirmation) VALUES (5,"2022/05/13",3,"Y");
INSERT INTO shift(employee_id,date,shift_pattern_id,confirmation) VALUES (5,"2022/05/14",5,"Y");
INSERT INTO shift(employee_id,date,shift_pattern_id,confirmation) VALUES (5,"2022/05/15",5,"Y");
INSERT INTO shift(employee_id,date,shift_pattern_id,confirmation) VALUES (5,"2022/05/16",3,"Y");
INSERT INTO shift(employee_id,date,shift_pattern_id,confirmation) VALUES (5,"2022/05/17",3,"Y");
INSERT INTO shift(employee_id,date,shift_pattern_id,confirmation) VALUES (5,"2022/05/18",3,"Y");
INSERT INTO shift(employee_id,date,shift_pattern_id,confirmation) VALUES (5,"2022/05/19",3,"Y");
INSERT INTO shift(employee_id,date,shift_pattern_id,confirmation) VALUES (5,"2022/05/20",3,"Y");
INSERT INTO shift(employee_id,date,shift_pattern_id,confirmation) VALUES (5,"2022/05/21",5,"Y");
INSERT INTO shift(employee_id,date,shift_pattern_id,confirmation) VALUES (5,"2022/05/22",5,"Y");
INSERT INTO shift(employee_id,date,shift_pattern_id,confirmation) VALUES (5,"2022/05/23",3,"Y");
INSERT INTO shift(employee_id,date,shift_pattern_id,confirmation) VALUES (5,"2022/05/24",3,"Y");
INSERT INTO shift(employee_id,date,shift_pattern_id,confirmation) VALUES (5,"2022/05/25",3,"Y");
INSERT INTO shift(employee_id,date,shift_pattern_id,confirmation) VALUES (5,"2022/05/26",3,"Y");
INSERT INTO shift(employee_id,date,shift_pattern_id,confirmation) VALUES (5,"2022/05/27",3,"Y");
INSERT INTO shift(employee_id,date,shift_pattern_id,confirmation) VALUES (5,"2022/05/28",5,"Y");
INSERT INTO shift(employee_id,date,shift_pattern_id,confirmation) VALUES (5,"2022/05/29",5,"Y");
INSERT INTO shift(employee_id,date,shift_pattern_id,confirmation) VALUES (5,"2022/05/30",3,"Y");
INSERT INTO shift(employee_id,date,shift_pattern_id,confirmation) VALUES (5,"2022/05/31",3,"Y");
INSERT INTO shift(employee_id,date,shift_pattern_id,confirmation) VALUES (6,"2022/05/01",5,"Y");
INSERT INTO shift(employee_id,date,shift_pattern_id,confirmation) VALUES (6,"2022/05/02",1,"Y");
INSERT INTO shift(employee_id,date,shift_pattern_id,confirmation) VALUES (6,"2022/05/03",5,"Y");
INSERT INTO shift(employee_id,date,shift_pattern_id,confirmation) VALUES (6,"2022/05/04",5,"Y");
INSERT INTO shift(employee_id,date,shift_pattern_id,confirmation) VALUES (6,"2022/05/05",5,"Y");
INSERT INTO shift(employee_id,date,shift_pattern_id,confirmation) VALUES (6,"2022/05/06",1,"Y");
INSERT INTO shift(employee_id,date,shift_pattern_id,confirmation) VALUES (6,"2022/05/07",5,"Y");
INSERT INTO shift(employee_id,date,shift_pattern_id,confirmation) VALUES (6,"2022/05/08",5,"Y");
INSERT INTO shift(employee_id,date,shift_pattern_id,confirmation) VALUES (6,"2022/05/09",1,"Y");
INSERT INTO shift(employee_id,date,shift_pattern_id,confirmation) VALUES (6,"2022/05/10",1,"Y");
INSERT INTO shift(employee_id,date,shift_pattern_id,confirmation) VALUES (6,"2022/05/11",1,"Y");
INSERT INTO shift(employee_id,date,shift_pattern_id,confirmation) VALUES (6,"2022/05/12",1,"Y");
INSERT INTO shift(employee_id,date,shift_pattern_id,confirmation) VALUES (6,"2022/05/13",1,"Y");
INSERT INTO shift(employee_id,date,shift_pattern_id,confirmation) VALUES (6,"2022/05/14",5,"Y");
INSERT INTO shift(employee_id,date,shift_pattern_id,confirmation) VALUES (6,"2022/05/15",5,"Y");
INSERT INTO shift(employee_id,date,shift_pattern_id,confirmation) VALUES (6,"2022/05/16",1,"Y");
INSERT INTO shift(employee_id,date,shift_pattern_id,confirmation) VALUES (6,"2022/05/17",1,"Y");
INSERT INTO shift(employee_id,date,shift_pattern_id,confirmation) VALUES (6,"2022/05/18",1,"Y");
INSERT INTO shift(employee_id,date,shift_pattern_id,confirmation) VALUES (6,"2022/05/19",1,"Y");
INSERT INTO shift(employee_id,date,shift_pattern_id,confirmation) VALUES (6,"2022/05/20",1,"Y");
INSERT INTO shift(employee_id,date,shift_pattern_id,confirmation) VALUES (6,"2022/05/21",5,"Y");
INSERT INTO shift(employee_id,date,shift_pattern_id,confirmation) VALUES (6,"2022/05/22",5,"Y");
INSERT INTO shift(employee_id,date,shift_pattern_id,confirmation) VALUES (6,"2022/05/23",1,"Y");
INSERT INTO shift(employee_id,date,shift_pattern_id,confirmation) VALUES (6,"2022/05/24",1,"Y");
INSERT INTO shift(employee_id,date,shift_pattern_id,confirmation) VALUES (6,"2022/05/25",1,"Y");
INSERT INTO shift(employee_id,date,shift_pattern_id,confirmation) VALUES (6,"2022/05/26",1,"Y");
INSERT INTO shift(employee_id,date,shift_pattern_id,confirmation) VALUES (6,"2022/05/27",1,"Y");
INSERT INTO shift(employee_id,date,shift_pattern_id,confirmation) VALUES (6,"2022/05/28",5,"Y");
INSERT INTO shift(employee_id,date,shift_pattern_id,confirmation) VALUES (6,"2022/05/29",5,"Y");
INSERT INTO shift(employee_id,date,shift_pattern_id,confirmation) VALUES (6,"2022/05/30",1,"Y");
INSERT INTO shift(employee_id,date,shift_pattern_id,confirmation) VALUES (6,"2022/05/31",1,"Y");
INSERT INTO shift(employee_id,date,shift_pattern_id,confirmation) VALUES (7,"2022/05/01",5,"Y");
INSERT INTO shift(employee_id,date,shift_pattern_id,confirmation) VALUES (7,"2022/05/02",3,"Y");
INSERT INTO shift(employee_id,date,shift_pattern_id,confirmation) VALUES (7,"2022/05/03",5,"Y");
INSERT INTO shift(employee_id,date,shift_pattern_id,confirmation) VALUES (7,"2022/05/04",5,"Y");
INSERT INTO shift(employee_id,date,shift_pattern_id,confirmation) VALUES (7,"2022/05/05",5,"Y");
INSERT INTO shift(employee_id,date,shift_pattern_id,confirmation) VALUES (7,"2022/05/06",3,"Y");
INSERT INTO shift(employee_id,date,shift_pattern_id,confirmation) VALUES (7,"2022/05/07",5,"Y");
INSERT INTO shift(employee_id,date,shift_pattern_id,confirmation) VALUES (7,"2022/05/08",5,"Y");
INSERT INTO shift(employee_id,date,shift_pattern_id,confirmation) VALUES (7,"2022/05/09",3,"Y");
INSERT INTO shift(employee_id,date,shift_pattern_id,confirmation) VALUES (7,"2022/05/10",3,"Y");
INSERT INTO shift(employee_id,date,shift_pattern_id,confirmation) VALUES (7,"2022/05/11",3,"Y");
INSERT INTO shift(employee_id,date,shift_pattern_id,confirmation) VALUES (7,"2022/05/12",3,"Y");
INSERT INTO shift(employee_id,date,shift_pattern_id,confirmation) VALUES (7,"2022/05/13",3,"Y");
INSERT INTO shift(employee_id,date,shift_pattern_id,confirmation) VALUES (7,"2022/05/14",5,"Y");
INSERT INTO shift(employee_id,date,shift_pattern_id,confirmation) VALUES (7,"2022/05/15",5,"Y");
INSERT INTO shift(employee_id,date,shift_pattern_id,confirmation) VALUES (7,"2022/05/16",3,"Y");
INSERT INTO shift(employee_id,date,shift_pattern_id,confirmation) VALUES (7,"2022/05/17",3,"Y");
INSERT INTO shift(employee_id,date,shift_pattern_id,confirmation) VALUES (7,"2022/05/18",3,"Y");
INSERT INTO shift(employee_id,date,shift_pattern_id,confirmation) VALUES (7,"2022/05/19",3,"Y");
INSERT INTO shift(employee_id,date,shift_pattern_id,confirmation) VALUES (7,"2022/05/20",3,"Y");
INSERT INTO shift(employee_id,date,shift_pattern_id,confirmation) VALUES (7,"2022/05/21",5,"Y");
INSERT INTO shift(employee_id,date,shift_pattern_id,confirmation) VALUES (7,"2022/05/22",5,"Y");
INSERT INTO shift(employee_id,date,shift_pattern_id,confirmation) VALUES (7,"2022/05/23",3,"Y");
INSERT INTO shift(employee_id,date,shift_pattern_id,confirmation) VALUES (7,"2022/05/24",3,"Y");
INSERT INTO shift(employee_id,date,shift_pattern_id,confirmation) VALUES (7,"2022/05/25",3,"Y");
INSERT INTO shift(employee_id,date,shift_pattern_id,confirmation) VALUES (7,"2022/05/26",3,"Y");
INSERT INTO shift(employee_id,date,shift_pattern_id,confirmation) VALUES (7,"2022/05/27",3,"Y");
INSERT INTO shift(employee_id,date,shift_pattern_id,confirmation) VALUES (7,"2022/05/28",5,"Y");
INSERT INTO shift(employee_id,date,shift_pattern_id,confirmation) VALUES (7,"2022/05/29",5,"Y");
INSERT INTO shift(employee_id,date,shift_pattern_id,confirmation) VALUES (7,"2022/05/30",3,"Y");
INSERT INTO shift(employee_id,date,shift_pattern_id,confirmation) VALUES (7,"2022/05/31",3,"Y");
INSERT INTO shift(employee_id,date,shift_pattern_id,confirmation) VALUES (8,"2022/05/01",5,"Y");
INSERT INTO shift(employee_id,date,shift_pattern_id,confirmation) VALUES (8,"2022/05/02",4,"Y");
INSERT INTO shift(employee_id,date,shift_pattern_id,confirmation) VALUES (8,"2022/05/03",5,"Y");
INSERT INTO shift(employee_id,date,shift_pattern_id,confirmation) VALUES (8,"2022/05/04",5,"Y");
INSERT INTO shift(employee_id,date,shift_pattern_id,confirmation) VALUES (8,"2022/05/05",5,"Y");
INSERT INTO shift(employee_id,date,shift_pattern_id,confirmation) VALUES (8,"2022/05/06",4,"Y");
INSERT INTO shift(employee_id,date,shift_pattern_id,confirmation) VALUES (8,"2022/05/07",5,"Y");
INSERT INTO shift(employee_id,date,shift_pattern_id,confirmation) VALUES (8,"2022/05/08",5,"Y");
INSERT INTO shift(employee_id,date,shift_pattern_id,confirmation) VALUES (8,"2022/05/09",4,"Y");
INSERT INTO shift(employee_id,date,shift_pattern_id,confirmation) VALUES (8,"2022/05/10",4,"Y");
INSERT INTO shift(employee_id,date,shift_pattern_id,confirmation) VALUES (8,"2022/05/11",4,"Y");
INSERT INTO shift(employee_id,date,shift_pattern_id,confirmation) VALUES (8,"2022/05/12",4,"Y");
INSERT INTO shift(employee_id,date,shift_pattern_id,confirmation) VALUES (8,"2022/05/13",4,"Y");
INSERT INTO shift(employee_id,date,shift_pattern_id,confirmation) VALUES (8,"2022/05/14",5,"Y");
INSERT INTO shift(employee_id,date,shift_pattern_id,confirmation) VALUES (8,"2022/05/15",5,"Y");
INSERT INTO shift(employee_id,date,shift_pattern_id,confirmation) VALUES (8,"2022/05/16",4,"Y");
INSERT INTO shift(employee_id,date,shift_pattern_id,confirmation) VALUES (8,"2022/05/17",4,"Y");
INSERT INTO shift(employee_id,date,shift_pattern_id,confirmation) VALUES (8,"2022/05/18",4,"Y");
INSERT INTO shift(employee_id,date,shift_pattern_id,confirmation) VALUES (8,"2022/05/19",4,"Y");
INSERT INTO shift(employee_id,date,shift_pattern_id,confirmation) VALUES (8,"2022/05/20",4,"Y");
INSERT INTO shift(employee_id,date,shift_pattern_id,confirmation) VALUES (8,"2022/05/21",5,"Y");
INSERT INTO shift(employee_id,date,shift_pattern_id,confirmation) VALUES (8,"2022/05/22",5,"Y");
INSERT INTO shift(employee_id,date,shift_pattern_id,confirmation) VALUES (8,"2022/05/23",4,"Y");
INSERT INTO shift(employee_id,date,shift_pattern_id,confirmation) VALUES (8,"2022/05/24",4,"Y");
INSERT INTO shift(employee_id,date,shift_pattern_id,confirmation) VALUES (8,"2022/05/25",4,"Y");
INSERT INTO shift(employee_id,date,shift_pattern_id,confirmation) VALUES (8,"2022/05/26",4,"Y");
INSERT INTO shift(employee_id,date,shift_pattern_id,confirmation) VALUES (8,"2022/05/27",4,"Y");
INSERT INTO shift(employee_id,date,shift_pattern_id,confirmation) VALUES (8,"2022/05/28",5,"Y");
INSERT INTO shift(employee_id,date,shift_pattern_id,confirmation) VALUES (8,"2022/05/29",5,"Y");
INSERT INTO shift(employee_id,date,shift_pattern_id,confirmation) VALUES (8,"2022/05/30",4,"Y");
INSERT INTO shift(employee_id,date,shift_pattern_id,confirmation) VALUES (8,"2022/05/31",4,"Y");
INSERT INTO shift(employee_id,date,shift_pattern_id,confirmation) VALUES (9,"2022/05/01",5,"Y");
INSERT INTO shift(employee_id,date,shift_pattern_id,confirmation) VALUES (9,"2022/05/02",3,"Y");
INSERT INTO shift(employee_id,date,shift_pattern_id,confirmation) VALUES (9,"2022/05/03",5,"Y");
INSERT INTO shift(employee_id,date,shift_pattern_id,confirmation) VALUES (9,"2022/05/04",5,"Y");
INSERT INTO shift(employee_id,date,shift_pattern_id,confirmation) VALUES (9,"2022/05/05",5,"Y");
INSERT INTO shift(employee_id,date,shift_pattern_id,confirmation) VALUES (9,"2022/05/06",3,"Y");
INSERT INTO shift(employee_id,date,shift_pattern_id,confirmation) VALUES (9,"2022/05/07",5,"Y");
INSERT INTO shift(employee_id,date,shift_pattern_id,confirmation) VALUES (9,"2022/05/08",5,"Y");
INSERT INTO shift(employee_id,date,shift_pattern_id,confirmation) VALUES (9,"2022/05/09",3,"Y");
INSERT INTO shift(employee_id,date,shift_pattern_id,confirmation) VALUES (9,"2022/05/10",3,"Y");
INSERT INTO shift(employee_id,date,shift_pattern_id,confirmation) VALUES (9,"2022/05/11",3,"Y");
INSERT INTO shift(employee_id,date,shift_pattern_id,confirmation) VALUES (9,"2022/05/12",3,"Y");
INSERT INTO shift(employee_id,date,shift_pattern_id,confirmation) VALUES (9,"2022/05/13",3,"Y");
INSERT INTO shift(employee_id,date,shift_pattern_id,confirmation) VALUES (9,"2022/05/14",5,"Y");
INSERT INTO shift(employee_id,date,shift_pattern_id,confirmation) VALUES (9,"2022/05/15",5,"Y");
INSERT INTO shift(employee_id,date,shift_pattern_id,confirmation) VALUES (9,"2022/05/16",3,"Y");
INSERT INTO shift(employee_id,date,shift_pattern_id,confirmation) VALUES (9,"2022/05/17",3,"Y");
INSERT INTO shift(employee_id,date,shift_pattern_id,confirmation) VALUES (9,"2022/05/18",3,"Y");
INSERT INTO shift(employee_id,date,shift_pattern_id,confirmation) VALUES (9,"2022/05/19",3,"Y");
INSERT INTO shift(employee_id,date,shift_pattern_id,confirmation) VALUES (9,"2022/05/20",3,"Y");
INSERT INTO shift(employee_id,date,shift_pattern_id,confirmation) VALUES (9,"2022/05/21",5,"Y");
INSERT INTO shift(employee_id,date,shift_pattern_id,confirmation) VALUES (9,"2022/05/22",5,"Y");
INSERT INTO shift(employee_id,date,shift_pattern_id,confirmation) VALUES (9,"2022/05/23",3,"Y");
INSERT INTO shift(employee_id,date,shift_pattern_id,confirmation) VALUES (9,"2022/05/24",3,"Y");
INSERT INTO shift(employee_id,date,shift_pattern_id,confirmation) VALUES (9,"2022/05/25",3,"Y");
INSERT INTO shift(employee_id,date,shift_pattern_id,confirmation) VALUES (9,"2022/05/26",3,"Y");
INSERT INTO shift(employee_id,date,shift_pattern_id,confirmation) VALUES (9,"2022/05/27",3,"Y");
INSERT INTO shift(employee_id,date,shift_pattern_id,confirmation) VALUES (9,"2022/05/28",5,"Y");
INSERT INTO shift(employee_id,date,shift_pattern_id,confirmation) VALUES (9,"2022/05/29",5,"Y");
INSERT INTO shift(employee_id,date,shift_pattern_id,confirmation) VALUES (9,"2022/05/30",3,"Y");
INSERT INTO shift(employee_id,date,shift_pattern_id,confirmation) VALUES (9,"2022/05/31",3,"Y");
INSERT INTO shift(employee_id,date,shift_pattern_id,confirmation) VALUES (10,"2022/05/01",5,"Y");
INSERT INTO shift(employee_id,date,shift_pattern_id,confirmation) VALUES (10,"2022/05/02",4,"Y");
INSERT INTO shift(employee_id,date,shift_pattern_id,confirmation) VALUES (10,"2022/05/03",5,"Y");
INSERT INTO shift(employee_id,date,shift_pattern_id,confirmation) VALUES (10,"2022/05/04",5,"Y");
INSERT INTO shift(employee_id,date,shift_pattern_id,confirmation) VALUES (10,"2022/05/05",5,"Y");
INSERT INTO shift(employee_id,date,shift_pattern_id,confirmation) VALUES (10,"2022/05/06",4,"Y");
INSERT INTO shift(employee_id,date,shift_pattern_id,confirmation) VALUES (10,"2022/05/07",5,"Y");
INSERT INTO shift(employee_id,date,shift_pattern_id,confirmation) VALUES (10,"2022/05/08",5,"Y");
INSERT INTO shift(employee_id,date,shift_pattern_id,confirmation) VALUES (10,"2022/05/09",4,"Y");
INSERT INTO shift(employee_id,date,shift_pattern_id,confirmation) VALUES (10,"2022/05/10",4,"Y");
INSERT INTO shift(employee_id,date,shift_pattern_id,confirmation) VALUES (10,"2022/05/11",4,"Y");
INSERT INTO shift(employee_id,date,shift_pattern_id,confirmation) VALUES (10,"2022/05/12",4,"Y");
INSERT INTO shift(employee_id,date,shift_pattern_id,confirmation) VALUES (10,"2022/05/13",4,"Y");
INSERT INTO shift(employee_id,date,shift_pattern_id,confirmation) VALUES (10,"2022/05/14",5,"Y");
INSERT INTO shift(employee_id,date,shift_pattern_id,confirmation) VALUES (10,"2022/05/15",5,"Y");
INSERT INTO shift(employee_id,date,shift_pattern_id,confirmation) VALUES (10,"2022/05/16",4,"Y");
INSERT INTO shift(employee_id,date,shift_pattern_id,confirmation) VALUES (10,"2022/05/17",4,"Y");
INSERT INTO shift(employee_id,date,shift_pattern_id,confirmation) VALUES (10,"2022/05/18",4,"Y");
INSERT INTO shift(employee_id,date,shift_pattern_id,confirmation) VALUES (10,"2022/05/19",4,"Y");
INSERT INTO shift(employee_id,date,shift_pattern_id,confirmation) VALUES (10,"2022/05/20",4,"Y");
INSERT INTO shift(employee_id,date,shift_pattern_id,confirmation) VALUES (10,"2022/05/21",5,"Y");
INSERT INTO shift(employee_id,date,shift_pattern_id,confirmation) VALUES (10,"2022/05/22",5,"Y");
INSERT INTO shift(employee_id,date,shift_pattern_id,confirmation) VALUES (10,"2022/05/23",4,"Y");
INSERT INTO shift(employee_id,date,shift_pattern_id,confirmation) VALUES (10,"2022/05/24",4,"Y");
INSERT INTO shift(employee_id,date,shift_pattern_id,confirmation) VALUES (10,"2022/05/25",4,"Y");
INSERT INTO shift(employee_id,date,shift_pattern_id,confirmation) VALUES (10,"2022/05/26",4,"Y");
INSERT INTO shift(employee_id,date,shift_pattern_id,confirmation) VALUES (10,"2022/05/27",4,"Y");
INSERT INTO shift(employee_id,date,shift_pattern_id,confirmation) VALUES (10,"2022/05/28",5,"Y");
INSERT INTO shift(employee_id,date,shift_pattern_id,confirmation) VALUES (10,"2022/05/29",5,"Y");
INSERT INTO shift(employee_id,date,shift_pattern_id,confirmation) VALUES (10,"2022/05/30",4,"Y");
INSERT INTO shift(employee_id,date,shift_pattern_id,confirmation) VALUES (10,"2022/05/31",4,"Y");
INSERT INTO shift(employee_id,date,shift_pattern_id,confirmation) VALUES (1,"2022/06/01",2,"Y");
INSERT INTO shift(employee_id,date,shift_pattern_id,confirmation) VALUES (1,"2022/06/02",2,"Y");
INSERT INTO shift(employee_id,date,shift_pattern_id,confirmation) VALUES (1,"2022/06/03",2,"Y");
INSERT INTO shift(employee_id,date,shift_pattern_id,confirmation) VALUES (1,"2022/06/04",5,"Y");
INSERT INTO shift(employee_id,date,shift_pattern_id,confirmation) VALUES (1,"2022/06/05",5,"Y");
INSERT INTO shift(employee_id,date,shift_pattern_id,confirmation) VALUES (1,"2022/06/06",2,"Y");
INSERT INTO shift(employee_id,date,shift_pattern_id,confirmation) VALUES (1,"2022/06/07",2,"Y");
INSERT INTO shift(employee_id,date,shift_pattern_id,confirmation) VALUES (1,"2022/06/08",2,"Y");
INSERT INTO shift(employee_id,date,shift_pattern_id,confirmation) VALUES (1,"2022/06/09",2,"Y");
INSERT INTO shift(employee_id,date,shift_pattern_id,confirmation) VALUES (1,"2022/06/10",2,"Y");
INSERT INTO shift(employee_id,date,shift_pattern_id,confirmation) VALUES (1,"2022/06/11",5,"Y");
INSERT INTO shift(employee_id,date,shift_pattern_id,confirmation) VALUES (1,"2022/06/12",5,"Y");
INSERT INTO shift(employee_id,date,shift_pattern_id,confirmation) VALUES (1,"2022/06/13",2,"Y");
INSERT INTO shift(employee_id,date,shift_pattern_id,confirmation) VALUES (1,"2022/06/14",2,"Y");
INSERT INTO shift(employee_id,date,shift_pattern_id,confirmation) VALUES (1,"2022/06/15",2,"Y");
INSERT INTO shift(employee_id,date,shift_pattern_id,confirmation) VALUES (1,"2022/06/16",2,"Y");
INSERT INTO shift(employee_id,date,shift_pattern_id,confirmation) VALUES (1,"2022/06/17",2,"Y");
INSERT INTO shift(employee_id,date,shift_pattern_id,confirmation) VALUES (1,"2022/06/18",5,"Y");
INSERT INTO shift(employee_id,date,shift_pattern_id,confirmation) VALUES (1,"2022/06/19",5,"Y");
INSERT INTO shift(employee_id,date,shift_pattern_id,confirmation) VALUES (1,"2022/06/20",2,"Y");
INSERT INTO shift(employee_id,date,shift_pattern_id,confirmation) VALUES (1,"2022/06/21",2,"Y");
INSERT INTO shift(employee_id,date,shift_pattern_id,confirmation) VALUES (1,"2022/06/22",2,"Y");
INSERT INTO shift(employee_id,date,shift_pattern_id,confirmation) VALUES (1,"2022/06/23",2,"Y");
INSERT INTO shift(employee_id,date,shift_pattern_id,confirmation) VALUES (1,"2022/06/24",2,"Y");
INSERT INTO shift(employee_id,date,shift_pattern_id,confirmation) VALUES (1,"2022/06/25",5,"Y");
INSERT INTO shift(employee_id,date,shift_pattern_id,confirmation) VALUES (1,"2022/06/26",5,"Y");
INSERT INTO shift(employee_id,date,shift_pattern_id,confirmation) VALUES (1,"2022/06/27",2,"Y");
INSERT INTO shift(employee_id,date,shift_pattern_id,confirmation) VALUES (1,"2022/06/28",2,"Y");
INSERT INTO shift(employee_id,date,shift_pattern_id,confirmation) VALUES (1,"2022/06/29",2,"Y");
INSERT INTO shift(employee_id,date,shift_pattern_id,confirmation) VALUES (1,"2022/06/30",2,"Y");
INSERT INTO shift(employee_id,date,shift_pattern_id,confirmation) VALUES (2,"2022/06/01",2,"Y");
INSERT INTO shift(employee_id,date,shift_pattern_id,confirmation) VALUES (2,"2022/06/02",2,"Y");
INSERT INTO shift(employee_id,date,shift_pattern_id,confirmation) VALUES (2,"2022/06/03",2,"Y");
INSERT INTO shift(employee_id,date,shift_pattern_id,confirmation) VALUES (2,"2022/06/04",5,"Y");
INSERT INTO shift(employee_id,date,shift_pattern_id,confirmation) VALUES (2,"2022/06/05",5,"Y");
INSERT INTO shift(employee_id,date,shift_pattern_id,confirmation) VALUES (2,"2022/06/06",2,"Y");
INSERT INTO shift(employee_id,date,shift_pattern_id,confirmation) VALUES (2,"2022/06/07",2,"Y");
INSERT INTO shift(employee_id,date,shift_pattern_id,confirmation) VALUES (2,"2022/06/08",2,"Y");
INSERT INTO shift(employee_id,date,shift_pattern_id,confirmation) VALUES (2,"2022/06/09",2,"Y");
INSERT INTO shift(employee_id,date,shift_pattern_id,confirmation) VALUES (2,"2022/06/10",2,"Y");
INSERT INTO shift(employee_id,date,shift_pattern_id,confirmation) VALUES (2,"2022/06/11",5,"Y");
INSERT INTO shift(employee_id,date,shift_pattern_id,confirmation) VALUES (2,"2022/06/12",5,"Y");
INSERT INTO shift(employee_id,date,shift_pattern_id,confirmation) VALUES (2,"2022/06/13",2,"Y");
INSERT INTO shift(employee_id,date,shift_pattern_id,confirmation) VALUES (2,"2022/06/14",2,"Y");
INSERT INTO shift(employee_id,date,shift_pattern_id,confirmation) VALUES (2,"2022/06/15",2,"Y");
INSERT INTO shift(employee_id,date,shift_pattern_id,confirmation) VALUES (2,"2022/06/16",2,"Y");
INSERT INTO shift(employee_id,date,shift_pattern_id,confirmation) VALUES (2,"2022/06/17",2,"Y");
INSERT INTO shift(employee_id,date,shift_pattern_id,confirmation) VALUES (2,"2022/06/18",5,"Y");
INSERT INTO shift(employee_id,date,shift_pattern_id,confirmation) VALUES (2,"2022/06/19",5,"Y");
INSERT INTO shift(employee_id,date,shift_pattern_id,confirmation) VALUES (2,"2022/06/20",2,"Y");
INSERT INTO shift(employee_id,date,shift_pattern_id,confirmation) VALUES (2,"2022/06/21",2,"Y");
INSERT INTO shift(employee_id,date,shift_pattern_id,confirmation) VALUES (2,"2022/06/22",2,"Y");
INSERT INTO shift(employee_id,date,shift_pattern_id,confirmation) VALUES (2,"2022/06/23",2,"Y");
INSERT INTO shift(employee_id,date,shift_pattern_id,confirmation) VALUES (2,"2022/06/24",2,"Y");
INSERT INTO shift(employee_id,date,shift_pattern_id,confirmation) VALUES (2,"2022/06/25",5,"Y");
INSERT INTO shift(employee_id,date,shift_pattern_id,confirmation) VALUES (2,"2022/06/26",5,"Y");
INSERT INTO shift(employee_id,date,shift_pattern_id,confirmation) VALUES (2,"2022/06/27",2,"Y");
INSERT INTO shift(employee_id,date,shift_pattern_id,confirmation) VALUES (2,"2022/06/28",2,"Y");
INSERT INTO shift(employee_id,date,shift_pattern_id,confirmation) VALUES (2,"2022/06/29",2,"Y");
INSERT INTO shift(employee_id,date,shift_pattern_id,confirmation) VALUES (2,"2022/06/30",2,"Y");
INSERT INTO shift(employee_id,date,shift_pattern_id,confirmation) VALUES (3,"2022/06/01",2,"Y");
INSERT INTO shift(employee_id,date,shift_pattern_id,confirmation) VALUES (3,"2022/06/02",2,"Y");
INSERT INTO shift(employee_id,date,shift_pattern_id,confirmation) VALUES (3,"2022/06/03",2,"Y");
INSERT INTO shift(employee_id,date,shift_pattern_id,confirmation) VALUES (3,"2022/06/04",5,"Y");
INSERT INTO shift(employee_id,date,shift_pattern_id,confirmation) VALUES (3,"2022/06/05",5,"Y");
INSERT INTO shift(employee_id,date,shift_pattern_id,confirmation) VALUES (3,"2022/06/06",2,"Y");
INSERT INTO shift(employee_id,date,shift_pattern_id,confirmation) VALUES (3,"2022/06/07",2,"Y");
INSERT INTO shift(employee_id,date,shift_pattern_id,confirmation) VALUES (3,"2022/06/08",2,"Y");
INSERT INTO shift(employee_id,date,shift_pattern_id,confirmation) VALUES (3,"2022/06/09",2,"Y");
INSERT INTO shift(employee_id,date,shift_pattern_id,confirmation) VALUES (3,"2022/06/10",2,"Y");
INSERT INTO shift(employee_id,date,shift_pattern_id,confirmation) VALUES (3,"2022/06/11",5,"Y");
INSERT INTO shift(employee_id,date,shift_pattern_id,confirmation) VALUES (3,"2022/06/12",5,"Y");
INSERT INTO shift(employee_id,date,shift_pattern_id,confirmation) VALUES (3,"2022/06/13",2,"Y");
INSERT INTO shift(employee_id,date,shift_pattern_id,confirmation) VALUES (3,"2022/06/14",2,"Y");
INSERT INTO shift(employee_id,date,shift_pattern_id,confirmation) VALUES (3,"2022/06/15",2,"Y");
INSERT INTO shift(employee_id,date,shift_pattern_id,confirmation) VALUES (3,"2022/06/16",2,"Y");
INSERT INTO shift(employee_id,date,shift_pattern_id,confirmation) VALUES (3,"2022/06/17",2,"Y");
INSERT INTO shift(employee_id,date,shift_pattern_id,confirmation) VALUES (3,"2022/06/18",5,"Y");
INSERT INTO shift(employee_id,date,shift_pattern_id,confirmation) VALUES (3,"2022/06/19",5,"Y");
INSERT INTO shift(employee_id,date,shift_pattern_id,confirmation) VALUES (3,"2022/06/20",2,"Y");
INSERT INTO shift(employee_id,date,shift_pattern_id,confirmation) VALUES (3,"2022/06/21",2,"Y");
INSERT INTO shift(employee_id,date,shift_pattern_id,confirmation) VALUES (3,"2022/06/22",2,"Y");
INSERT INTO shift(employee_id,date,shift_pattern_id,confirmation) VALUES (3,"2022/06/23",2,"Y");
INSERT INTO shift(employee_id,date,shift_pattern_id,confirmation) VALUES (3,"2022/06/24",2,"Y");
INSERT INTO shift(employee_id,date,shift_pattern_id,confirmation) VALUES (3,"2022/06/25",5,"Y");
INSERT INTO shift(employee_id,date,shift_pattern_id,confirmation) VALUES (3,"2022/06/26",5,"Y");
INSERT INTO shift(employee_id,date,shift_pattern_id,confirmation) VALUES (3,"2022/06/27",2,"Y");
INSERT INTO shift(employee_id,date,shift_pattern_id,confirmation) VALUES (3,"2022/06/28",2,"Y");
INSERT INTO shift(employee_id,date,shift_pattern_id,confirmation) VALUES (3,"2022/06/29",2,"Y");
INSERT INTO shift(employee_id,date,shift_pattern_id,confirmation) VALUES (3,"2022/06/30",2,"Y");
INSERT INTO shift(employee_id,date,shift_pattern_id,confirmation) VALUES (4,"2022/06/01",1,"Y");
INSERT INTO shift(employee_id,date,shift_pattern_id,confirmation) VALUES (4,"2022/06/02",1,"Y");
INSERT INTO shift(employee_id,date,shift_pattern_id,confirmation) VALUES (4,"2022/06/03",1,"Y");
INSERT INTO shift(employee_id,date,shift_pattern_id,confirmation) VALUES (4,"2022/06/04",5,"Y");
INSERT INTO shift(employee_id,date,shift_pattern_id,confirmation) VALUES (4,"2022/06/05",5,"Y");
INSERT INTO shift(employee_id,date,shift_pattern_id,confirmation) VALUES (4,"2022/06/06",1,"Y");
INSERT INTO shift(employee_id,date,shift_pattern_id,confirmation) VALUES (4,"2022/06/07",1,"Y");
INSERT INTO shift(employee_id,date,shift_pattern_id,confirmation) VALUES (4,"2022/06/08",1,"Y");
INSERT INTO shift(employee_id,date,shift_pattern_id,confirmation) VALUES (4,"2022/06/09",1,"Y");
INSERT INTO shift(employee_id,date,shift_pattern_id,confirmation) VALUES (4,"2022/06/10",1,"Y");
INSERT INTO shift(employee_id,date,shift_pattern_id,confirmation) VALUES (4,"2022/06/11",5,"Y");
INSERT INTO shift(employee_id,date,shift_pattern_id,confirmation) VALUES (4,"2022/06/12",5,"Y");
INSERT INTO shift(employee_id,date,shift_pattern_id,confirmation) VALUES (4,"2022/06/13",1,"Y");
INSERT INTO shift(employee_id,date,shift_pattern_id,confirmation) VALUES (4,"2022/06/14",1,"Y");
INSERT INTO shift(employee_id,date,shift_pattern_id,confirmation) VALUES (4,"2022/06/15",1,"Y");
INSERT INTO shift(employee_id,date,shift_pattern_id,confirmation) VALUES (4,"2022/06/16",1,"Y");
INSERT INTO shift(employee_id,date,shift_pattern_id,confirmation) VALUES (4,"2022/06/17",1,"Y");
INSERT INTO shift(employee_id,date,shift_pattern_id,confirmation) VALUES (4,"2022/06/18",5,"Y");
INSERT INTO shift(employee_id,date,shift_pattern_id,confirmation) VALUES (4,"2022/06/19",5,"Y");
INSERT INTO shift(employee_id,date,shift_pattern_id,confirmation) VALUES (4,"2022/06/20",1,"Y");
INSERT INTO shift(employee_id,date,shift_pattern_id,confirmation) VALUES (4,"2022/06/21",1,"Y");
INSERT INTO shift(employee_id,date,shift_pattern_id,confirmation) VALUES (4,"2022/06/22",1,"Y");
INSERT INTO shift(employee_id,date,shift_pattern_id,confirmation) VALUES (4,"2022/06/23",1,"Y");
INSERT INTO shift(employee_id,date,shift_pattern_id,confirmation) VALUES (4,"2022/06/24",1,"Y");
INSERT INTO shift(employee_id,date,shift_pattern_id,confirmation) VALUES (4,"2022/06/25",5,"Y");
INSERT INTO shift(employee_id,date,shift_pattern_id,confirmation) VALUES (4,"2022/06/26",5,"Y");
INSERT INTO shift(employee_id,date,shift_pattern_id,confirmation) VALUES (4,"2022/06/27",1,"Y");
INSERT INTO shift(employee_id,date,shift_pattern_id,confirmation) VALUES (4,"2022/06/28",1,"Y");
INSERT INTO shift(employee_id,date,shift_pattern_id,confirmation) VALUES (4,"2022/06/29",1,"Y");
INSERT INTO shift(employee_id,date,shift_pattern_id,confirmation) VALUES (4,"2022/06/30",1,"Y");
INSERT INTO shift(employee_id,date,shift_pattern_id,confirmation) VALUES (5,"2022/06/01",3,"Y");
INSERT INTO shift(employee_id,date,shift_pattern_id,confirmation) VALUES (5,"2022/06/02",3,"Y");
INSERT INTO shift(employee_id,date,shift_pattern_id,confirmation) VALUES (5,"2022/06/03",3,"Y");
INSERT INTO shift(employee_id,date,shift_pattern_id,confirmation) VALUES (5,"2022/06/04",5,"Y");
INSERT INTO shift(employee_id,date,shift_pattern_id,confirmation) VALUES (5,"2022/06/05",5,"Y");
INSERT INTO shift(employee_id,date,shift_pattern_id,confirmation) VALUES (5,"2022/06/06",3,"Y");
INSERT INTO shift(employee_id,date,shift_pattern_id,confirmation) VALUES (5,"2022/06/07",3,"Y");
INSERT INTO shift(employee_id,date,shift_pattern_id,confirmation) VALUES (5,"2022/06/08",3,"Y");
INSERT INTO shift(employee_id,date,shift_pattern_id,confirmation) VALUES (5,"2022/06/09",3,"Y");
INSERT INTO shift(employee_id,date,shift_pattern_id,confirmation) VALUES (5,"2022/06/10",3,"Y");
INSERT INTO shift(employee_id,date,shift_pattern_id,confirmation) VALUES (5,"2022/06/11",5,"Y");
INSERT INTO shift(employee_id,date,shift_pattern_id,confirmation) VALUES (5,"2022/06/12",5,"Y");
INSERT INTO shift(employee_id,date,shift_pattern_id,confirmation) VALUES (5,"2022/06/13",3,"Y");
INSERT INTO shift(employee_id,date,shift_pattern_id,confirmation) VALUES (5,"2022/06/14",3,"Y");
INSERT INTO shift(employee_id,date,shift_pattern_id,confirmation) VALUES (5,"2022/06/15",3,"Y");
INSERT INTO shift(employee_id,date,shift_pattern_id,confirmation) VALUES (5,"2022/06/16",3,"Y");
INSERT INTO shift(employee_id,date,shift_pattern_id,confirmation) VALUES (5,"2022/06/17",3,"Y");
INSERT INTO shift(employee_id,date,shift_pattern_id,confirmation) VALUES (5,"2022/06/18",5,"Y");
INSERT INTO shift(employee_id,date,shift_pattern_id,confirmation) VALUES (5,"2022/06/19",5,"Y");
INSERT INTO shift(employee_id,date,shift_pattern_id,confirmation) VALUES (5,"2022/06/20",3,"Y");
INSERT INTO shift(employee_id,date,shift_pattern_id,confirmation) VALUES (5,"2022/06/21",3,"Y");
INSERT INTO shift(employee_id,date,shift_pattern_id,confirmation) VALUES (5,"2022/06/22",3,"Y");
INSERT INTO shift(employee_id,date,shift_pattern_id,confirmation) VALUES (5,"2022/06/23",3,"Y");
INSERT INTO shift(employee_id,date,shift_pattern_id,confirmation) VALUES (5,"2022/06/24",3,"Y");
INSERT INTO shift(employee_id,date,shift_pattern_id,confirmation) VALUES (5,"2022/06/25",5,"Y");
INSERT INTO shift(employee_id,date,shift_pattern_id,confirmation) VALUES (5,"2022/06/26",5,"Y");
INSERT INTO shift(employee_id,date,shift_pattern_id,confirmation) VALUES (5,"2022/06/27",3,"Y");
INSERT INTO shift(employee_id,date,shift_pattern_id,confirmation) VALUES (5,"2022/06/28",3,"Y");
INSERT INTO shift(employee_id,date,shift_pattern_id,confirmation) VALUES (5,"2022/06/29",3,"Y");
INSERT INTO shift(employee_id,date,shift_pattern_id,confirmation) VALUES (5,"2022/06/30",3,"Y");
INSERT INTO shift(employee_id,date,shift_pattern_id,confirmation) VALUES (6,"2022/06/01",1,"Y");
INSERT INTO shift(employee_id,date,shift_pattern_id,confirmation) VALUES (6,"2022/06/02",1,"Y");
INSERT INTO shift(employee_id,date,shift_pattern_id,confirmation) VALUES (6,"2022/06/03",1,"Y");
INSERT INTO shift(employee_id,date,shift_pattern_id,confirmation) VALUES (6,"2022/06/04",5,"Y");
INSERT INTO shift(employee_id,date,shift_pattern_id,confirmation) VALUES (6,"2022/06/05",5,"Y");
INSERT INTO shift(employee_id,date,shift_pattern_id,confirmation) VALUES (6,"2022/06/06",1,"Y");
INSERT INTO shift(employee_id,date,shift_pattern_id,confirmation) VALUES (6,"2022/06/07",1,"Y");
INSERT INTO shift(employee_id,date,shift_pattern_id,confirmation) VALUES (6,"2022/06/08",1,"Y");
INSERT INTO shift(employee_id,date,shift_pattern_id,confirmation) VALUES (6,"2022/06/09",1,"Y");
INSERT INTO shift(employee_id,date,shift_pattern_id,confirmation) VALUES (6,"2022/06/10",1,"Y");
INSERT INTO shift(employee_id,date,shift_pattern_id,confirmation) VALUES (6,"2022/06/11",5,"Y");
INSERT INTO shift(employee_id,date,shift_pattern_id,confirmation) VALUES (6,"2022/06/12",5,"Y");
INSERT INTO shift(employee_id,date,shift_pattern_id,confirmation) VALUES (6,"2022/06/13",1,"Y");
INSERT INTO shift(employee_id,date,shift_pattern_id,confirmation) VALUES (6,"2022/06/14",1,"Y");
INSERT INTO shift(employee_id,date,shift_pattern_id,confirmation) VALUES (6,"2022/06/15",1,"Y");
INSERT INTO shift(employee_id,date,shift_pattern_id,confirmation) VALUES (6,"2022/06/16",1,"Y");
INSERT INTO shift(employee_id,date,shift_pattern_id,confirmation) VALUES (6,"2022/06/17",1,"Y");
INSERT INTO shift(employee_id,date,shift_pattern_id,confirmation) VALUES (6,"2022/06/18",5,"Y");
INSERT INTO shift(employee_id,date,shift_pattern_id,confirmation) VALUES (6,"2022/06/19",5,"Y");
INSERT INTO shift(employee_id,date,shift_pattern_id,confirmation) VALUES (6,"2022/06/20",1,"Y");
INSERT INTO shift(employee_id,date,shift_pattern_id,confirmation) VALUES (6,"2022/06/21",1,"Y");
INSERT INTO shift(employee_id,date,shift_pattern_id,confirmation) VALUES (6,"2022/06/22",1,"Y");
INSERT INTO shift(employee_id,date,shift_pattern_id,confirmation) VALUES (6,"2022/06/23",1,"Y");
INSERT INTO shift(employee_id,date,shift_pattern_id,confirmation) VALUES (6,"2022/06/24",1,"Y");
INSERT INTO shift(employee_id,date,shift_pattern_id,confirmation) VALUES (6,"2022/06/25",5,"Y");
INSERT INTO shift(employee_id,date,shift_pattern_id,confirmation) VALUES (6,"2022/06/26",5,"Y");
INSERT INTO shift(employee_id,date,shift_pattern_id,confirmation) VALUES (6,"2022/06/27",1,"Y");
INSERT INTO shift(employee_id,date,shift_pattern_id,confirmation) VALUES (6,"2022/06/28",1,"Y");
INSERT INTO shift(employee_id,date,shift_pattern_id,confirmation) VALUES (6,"2022/06/29",1,"Y");
INSERT INTO shift(employee_id,date,shift_pattern_id,confirmation) VALUES (6,"2022/06/30",1,"Y");
INSERT INTO shift(employee_id,date,shift_pattern_id,confirmation) VALUES (7,"2022/06/01",3,"Y");
INSERT INTO shift(employee_id,date,shift_pattern_id,confirmation) VALUES (7,"2022/06/02",3,"Y");
INSERT INTO shift(employee_id,date,shift_pattern_id,confirmation) VALUES (7,"2022/06/03",3,"Y");
INSERT INTO shift(employee_id,date,shift_pattern_id,confirmation) VALUES (7,"2022/06/04",5,"Y");
INSERT INTO shift(employee_id,date,shift_pattern_id,confirmation) VALUES (7,"2022/06/05",5,"Y");
INSERT INTO shift(employee_id,date,shift_pattern_id,confirmation) VALUES (7,"2022/06/06",3,"Y");
INSERT INTO shift(employee_id,date,shift_pattern_id,confirmation) VALUES (7,"2022/06/07",3,"Y");
INSERT INTO shift(employee_id,date,shift_pattern_id,confirmation) VALUES (7,"2022/06/08",3,"Y");
INSERT INTO shift(employee_id,date,shift_pattern_id,confirmation) VALUES (7,"2022/06/09",3,"Y");
INSERT INTO shift(employee_id,date,shift_pattern_id,confirmation) VALUES (7,"2022/06/10",3,"Y");
INSERT INTO shift(employee_id,date,shift_pattern_id,confirmation) VALUES (7,"2022/06/11",5,"Y");
INSERT INTO shift(employee_id,date,shift_pattern_id,confirmation) VALUES (7,"2022/06/12",5,"Y");
INSERT INTO shift(employee_id,date,shift_pattern_id,confirmation) VALUES (7,"2022/06/13",3,"Y");
INSERT INTO shift(employee_id,date,shift_pattern_id,confirmation) VALUES (7,"2022/06/14",3,"Y");
INSERT INTO shift(employee_id,date,shift_pattern_id,confirmation) VALUES (7,"2022/06/15",3,"Y");
INSERT INTO shift(employee_id,date,shift_pattern_id,confirmation) VALUES (7,"2022/06/16",3,"Y");
INSERT INTO shift(employee_id,date,shift_pattern_id,confirmation) VALUES (7,"2022/06/17",3,"Y");
INSERT INTO shift(employee_id,date,shift_pattern_id,confirmation) VALUES (7,"2022/06/18",5,"Y");
INSERT INTO shift(employee_id,date,shift_pattern_id,confirmation) VALUES (7,"2022/06/19",5,"Y");
INSERT INTO shift(employee_id,date,shift_pattern_id,confirmation) VALUES (7,"2022/06/20",3,"Y");
INSERT INTO shift(employee_id,date,shift_pattern_id,confirmation) VALUES (7,"2022/06/21",3,"Y");
INSERT INTO shift(employee_id,date,shift_pattern_id,confirmation) VALUES (7,"2022/06/22",3,"Y");
INSERT INTO shift(employee_id,date,shift_pattern_id,confirmation) VALUES (7,"2022/06/23",3,"Y");
INSERT INTO shift(employee_id,date,shift_pattern_id,confirmation) VALUES (7,"2022/06/24",3,"Y");
INSERT INTO shift(employee_id,date,shift_pattern_id,confirmation) VALUES (7,"2022/06/25",5,"Y");
INSERT INTO shift(employee_id,date,shift_pattern_id,confirmation) VALUES (7,"2022/06/26",5,"Y");
INSERT INTO shift(employee_id,date,shift_pattern_id,confirmation) VALUES (7,"2022/06/27",3,"Y");
INSERT INTO shift(employee_id,date,shift_pattern_id,confirmation) VALUES (7,"2022/06/28",3,"Y");
INSERT INTO shift(employee_id,date,shift_pattern_id,confirmation) VALUES (7,"2022/06/29",3,"Y");
INSERT INTO shift(employee_id,date,shift_pattern_id,confirmation) VALUES (7,"2022/06/30",3,"Y");
INSERT INTO shift(employee_id,date,shift_pattern_id,confirmation) VALUES (8,"2022/06/01",4,"Y");
INSERT INTO shift(employee_id,date,shift_pattern_id,confirmation) VALUES (8,"2022/06/02",4,"Y");
INSERT INTO shift(employee_id,date,shift_pattern_id,confirmation) VALUES (8,"2022/06/03",4,"Y");
INSERT INTO shift(employee_id,date,shift_pattern_id,confirmation) VALUES (8,"2022/06/04",5,"Y");
INSERT INTO shift(employee_id,date,shift_pattern_id,confirmation) VALUES (8,"2022/06/05",5,"Y");
INSERT INTO shift(employee_id,date,shift_pattern_id,confirmation) VALUES (8,"2022/06/06",4,"Y");
INSERT INTO shift(employee_id,date,shift_pattern_id,confirmation) VALUES (8,"2022/06/07",4,"Y");
INSERT INTO shift(employee_id,date,shift_pattern_id,confirmation) VALUES (8,"2022/06/08",4,"Y");
INSERT INTO shift(employee_id,date,shift_pattern_id,confirmation) VALUES (8,"2022/06/09",4,"Y");
INSERT INTO shift(employee_id,date,shift_pattern_id,confirmation) VALUES (8,"2022/06/10",4,"Y");
INSERT INTO shift(employee_id,date,shift_pattern_id,confirmation) VALUES (8,"2022/06/11",5,"Y");
INSERT INTO shift(employee_id,date,shift_pattern_id,confirmation) VALUES (8,"2022/06/12",5,"Y");
INSERT INTO shift(employee_id,date,shift_pattern_id,confirmation) VALUES (8,"2022/06/13",4,"Y");
INSERT INTO shift(employee_id,date,shift_pattern_id,confirmation) VALUES (8,"2022/06/14",4,"Y");
INSERT INTO shift(employee_id,date,shift_pattern_id,confirmation) VALUES (8,"2022/06/15",4,"Y");
INSERT INTO shift(employee_id,date,shift_pattern_id,confirmation) VALUES (8,"2022/06/16",4,"Y");
INSERT INTO shift(employee_id,date,shift_pattern_id,confirmation) VALUES (8,"2022/06/17",4,"Y");
INSERT INTO shift(employee_id,date,shift_pattern_id,confirmation) VALUES (8,"2022/06/18",5,"Y");
INSERT INTO shift(employee_id,date,shift_pattern_id,confirmation) VALUES (8,"2022/06/19",5,"Y");
INSERT INTO shift(employee_id,date,shift_pattern_id,confirmation) VALUES (8,"2022/06/20",4,"Y");
INSERT INTO shift(employee_id,date,shift_pattern_id,confirmation) VALUES (8,"2022/06/21",4,"Y");
INSERT INTO shift(employee_id,date,shift_pattern_id,confirmation) VALUES (8,"2022/06/22",4,"Y");
INSERT INTO shift(employee_id,date,shift_pattern_id,confirmation) VALUES (8,"2022/06/23",4,"Y");
INSERT INTO shift(employee_id,date,shift_pattern_id,confirmation) VALUES (8,"2022/06/24",4,"Y");
INSERT INTO shift(employee_id,date,shift_pattern_id,confirmation) VALUES (8,"2022/06/25",5,"Y");
INSERT INTO shift(employee_id,date,shift_pattern_id,confirmation) VALUES (8,"2022/06/26",5,"Y");
INSERT INTO shift(employee_id,date,shift_pattern_id,confirmation) VALUES (8,"2022/06/27",4,"Y");
INSERT INTO shift(employee_id,date,shift_pattern_id,confirmation) VALUES (8,"2022/06/28",4,"Y");
INSERT INTO shift(employee_id,date,shift_pattern_id,confirmation) VALUES (8,"2022/06/29",4,"Y");
INSERT INTO shift(employee_id,date,shift_pattern_id,confirmation) VALUES (8,"2022/06/30",4,"Y");
INSERT INTO shift(employee_id,date,shift_pattern_id,confirmation) VALUES (9,"2022/06/01",3,"Y");
INSERT INTO shift(employee_id,date,shift_pattern_id,confirmation) VALUES (9,"2022/06/02",3,"Y");
INSERT INTO shift(employee_id,date,shift_pattern_id,confirmation) VALUES (9,"2022/06/03",3,"Y");
INSERT INTO shift(employee_id,date,shift_pattern_id,confirmation) VALUES (9,"2022/06/04",5,"Y");
INSERT INTO shift(employee_id,date,shift_pattern_id,confirmation) VALUES (9,"2022/06/05",5,"Y");
INSERT INTO shift(employee_id,date,shift_pattern_id,confirmation) VALUES (9,"2022/06/06",3,"Y");
INSERT INTO shift(employee_id,date,shift_pattern_id,confirmation) VALUES (9,"2022/06/07",3,"Y");
INSERT INTO shift(employee_id,date,shift_pattern_id,confirmation) VALUES (9,"2022/06/08",3,"Y");
INSERT INTO shift(employee_id,date,shift_pattern_id,confirmation) VALUES (9,"2022/06/09",3,"Y");
INSERT INTO shift(employee_id,date,shift_pattern_id,confirmation) VALUES (9,"2022/06/10",3,"Y");
INSERT INTO shift(employee_id,date,shift_pattern_id,confirmation) VALUES (9,"2022/06/11",5,"Y");
INSERT INTO shift(employee_id,date,shift_pattern_id,confirmation) VALUES (9,"2022/06/12",5,"Y");
INSERT INTO shift(employee_id,date,shift_pattern_id,confirmation) VALUES (9,"2022/06/13",3,"Y");
INSERT INTO shift(employee_id,date,shift_pattern_id,confirmation) VALUES (9,"2022/06/14",3,"Y");
INSERT INTO shift(employee_id,date,shift_pattern_id,confirmation) VALUES (9,"2022/06/15",3,"Y");
INSERT INTO shift(employee_id,date,shift_pattern_id,confirmation) VALUES (9,"2022/06/16",3,"Y");
INSERT INTO shift(employee_id,date,shift_pattern_id,confirmation) VALUES (9,"2022/06/17",3,"Y");
INSERT INTO shift(employee_id,date,shift_pattern_id,confirmation) VALUES (9,"2022/06/18",5,"Y");
INSERT INTO shift(employee_id,date,shift_pattern_id,confirmation) VALUES (9,"2022/06/19",5,"Y");
INSERT INTO shift(employee_id,date,shift_pattern_id,confirmation) VALUES (9,"2022/06/20",3,"Y");
INSERT INTO shift(employee_id,date,shift_pattern_id,confirmation) VALUES (9,"2022/06/21",3,"Y");
INSERT INTO shift(employee_id,date,shift_pattern_id,confirmation) VALUES (9,"2022/06/22",3,"Y");
INSERT INTO shift(employee_id,date,shift_pattern_id,confirmation) VALUES (9,"2022/06/23",3,"Y");
INSERT INTO shift(employee_id,date,shift_pattern_id,confirmation) VALUES (9,"2022/06/24",3,"Y");
INSERT INTO shift(employee_id,date,shift_pattern_id,confirmation) VALUES (9,"2022/06/25",5,"Y");
INSERT INTO shift(employee_id,date,shift_pattern_id,confirmation) VALUES (9,"2022/06/26",5,"Y");
INSERT INTO shift(employee_id,date,shift_pattern_id,confirmation) VALUES (9,"2022/06/27",3,"Y");
INSERT INTO shift(employee_id,date,shift_pattern_id,confirmation) VALUES (9,"2022/06/28",3,"Y");
INSERT INTO shift(employee_id,date,shift_pattern_id,confirmation) VALUES (9,"2022/06/29",3,"Y");
INSERT INTO shift(employee_id,date,shift_pattern_id,confirmation) VALUES (9,"2022/06/30",3,"Y");
INSERT INTO shift(employee_id,date,shift_pattern_id,confirmation) VALUES (10,"2022/06/01",4,"Y");
INSERT INTO shift(employee_id,date,shift_pattern_id,confirmation) VALUES (10,"2022/06/02",4,"Y");
INSERT INTO shift(employee_id,date,shift_pattern_id,confirmation) VALUES (10,"2022/06/03",4,"Y");
INSERT INTO shift(employee_id,date,shift_pattern_id,confirmation) VALUES (10,"2022/06/04",5,"Y");
INSERT INTO shift(employee_id,date,shift_pattern_id,confirmation) VALUES (10,"2022/06/05",5,"Y");
INSERT INTO shift(employee_id,date,shift_pattern_id,confirmation) VALUES (10,"2022/06/06",4,"Y");
INSERT INTO shift(employee_id,date,shift_pattern_id,confirmation) VALUES (10,"2022/06/07",4,"Y");
INSERT INTO shift(employee_id,date,shift_pattern_id,confirmation) VALUES (10,"2022/06/08",4,"Y");
INSERT INTO shift(employee_id,date,shift_pattern_id,confirmation) VALUES (10,"2022/06/09",4,"Y");
INSERT INTO shift(employee_id,date,shift_pattern_id,confirmation) VALUES (10,"2022/06/10",4,"Y");
INSERT INTO shift(employee_id,date,shift_pattern_id,confirmation) VALUES (10,"2022/06/11",5,"Y");
INSERT INTO shift(employee_id,date,shift_pattern_id,confirmation) VALUES (10,"2022/06/12",5,"Y");
INSERT INTO shift(employee_id,date,shift_pattern_id,confirmation) VALUES (10,"2022/06/13",4,"Y");
INSERT INTO shift(employee_id,date,shift_pattern_id,confirmation) VALUES (10,"2022/06/14",4,"Y");
INSERT INTO shift(employee_id,date,shift_pattern_id,confirmation) VALUES (10,"2022/06/15",4,"Y");
INSERT INTO shift(employee_id,date,shift_pattern_id,confirmation) VALUES (10,"2022/06/16",4,"Y");
INSERT INTO shift(employee_id,date,shift_pattern_id,confirmation) VALUES (10,"2022/06/17",4,"Y");
INSERT INTO shift(employee_id,date,shift_pattern_id,confirmation) VALUES (10,"2022/06/18",5,"Y");
INSERT INTO shift(employee_id,date,shift_pattern_id,confirmation) VALUES (10,"2022/06/19",5,"Y");
INSERT INTO shift(employee_id,date,shift_pattern_id,confirmation) VALUES (10,"2022/06/20",4,"Y");
INSERT INTO shift(employee_id,date,shift_pattern_id,confirmation) VALUES (10,"2022/06/21",4,"Y");
INSERT INTO shift(employee_id,date,shift_pattern_id,confirmation) VALUES (10,"2022/06/22",4,"Y");
INSERT INTO shift(employee_id,date,shift_pattern_id,confirmation) VALUES (10,"2022/06/23",4,"Y");
INSERT INTO shift(employee_id,date,shift_pattern_id,confirmation) VALUES (10,"2022/06/24",4,"Y");
INSERT INTO shift(employee_id,date,shift_pattern_id,confirmation) VALUES (10,"2022/06/25",5,"Y");
INSERT INTO shift(employee_id,date,shift_pattern_id,confirmation) VALUES (10,"2022/06/26",5,"Y");
INSERT INTO shift(employee_id,date,shift_pattern_id,confirmation) VALUES (10,"2022/06/27",4,"Y");
INSERT INTO shift(employee_id,date,shift_pattern_id,confirmation) VALUES (10,"2022/06/28",4,"Y");
INSERT INTO shift(employee_id,date,shift_pattern_id,confirmation) VALUES (10,"2022/06/29",4,"Y");
INSERT INTO shift(employee_id,date,shift_pattern_id,confirmation) VALUES (10,"2022/06/30",4,"Y");
INSERT INTO shift(employee_id,date,confirmation) VALUES (1,"2022/07/01","N");
INSERT INTO shift(employee_id,date,confirmation) VALUES (1,"2022/07/02","N");
INSERT INTO shift(employee_id,date,confirmation) VALUES (1,"2022/07/03","N");
INSERT INTO shift(employee_id,date,confirmation) VALUES (1,"2022/07/04","N");
INSERT INTO shift(employee_id,date,confirmation) VALUES (1,"2022/07/05","N");
INSERT INTO shift(employee_id,date,confirmation) VALUES (1,"2022/07/06","N");
INSERT INTO shift(employee_id,date,confirmation) VALUES (1,"2022/07/07","N");
INSERT INTO shift(employee_id,date,confirmation) VALUES (1,"2022/07/08","N");
INSERT INTO shift(employee_id,date,confirmation) VALUES (1,"2022/07/09","N");
INSERT INTO shift(employee_id,date,confirmation) VALUES (1,"2022/07/10","N");
INSERT INTO shift(employee_id,date,confirmation) VALUES (1,"2022/07/11","N");
INSERT INTO shift(employee_id,date,confirmation) VALUES (1,"2022/07/12","N");
INSERT INTO shift(employee_id,date,confirmation) VALUES (1,"2022/07/13","N");
INSERT INTO shift(employee_id,date,confirmation) VALUES (1,"2022/07/14","N");
INSERT INTO shift(employee_id,date,confirmation) VALUES (1,"2022/07/15","N");
INSERT INTO shift(employee_id,date,confirmation) VALUES (1,"2022/07/16","N");
INSERT INTO shift(employee_id,date,confirmation) VALUES (1,"2022/07/17","N");
INSERT INTO shift(employee_id,date,confirmation) VALUES (1,"2022/07/18","N");
INSERT INTO shift(employee_id,date,confirmation) VALUES (1,"2022/07/19","N");
INSERT INTO shift(employee_id,date,confirmation) VALUES (1,"2022/07/20","N");
INSERT INTO shift(employee_id,date,confirmation) VALUES (1,"2022/07/21","N");
INSERT INTO shift(employee_id,date,confirmation) VALUES (1,"2022/07/22","N");
INSERT INTO shift(employee_id,date,confirmation) VALUES (1,"2022/07/23","N");
INSERT INTO shift(employee_id,date,confirmation) VALUES (1,"2022/07/24","N");
INSERT INTO shift(employee_id,date,confirmation) VALUES (1,"2022/07/25","N");
INSERT INTO shift(employee_id,date,confirmation) VALUES (1,"2022/07/26","N");
INSERT INTO shift(employee_id,date,confirmation) VALUES (1,"2022/07/27","N");
INSERT INTO shift(employee_id,date,confirmation) VALUES (1,"2022/07/28","N");
INSERT INTO shift(employee_id,date,confirmation) VALUES (1,"2022/07/29","N");
INSERT INTO shift(employee_id,date,confirmation) VALUES (1,"2022/07/30","N");
INSERT INTO shift(employee_id,date,confirmation) VALUES (1,"2022/07/31","N");
INSERT INTO shift(employee_id,date,confirmation) VALUES (2,"2022/07/01","N");
INSERT INTO shift(employee_id,date,confirmation) VALUES (2,"2022/07/02","N");
INSERT INTO shift(employee_id,date,confirmation) VALUES (2,"2022/07/03","N");
INSERT INTO shift(employee_id,date,confirmation) VALUES (2,"2022/07/04","N");
INSERT INTO shift(employee_id,date,confirmation) VALUES (2,"2022/07/05","N");
INSERT INTO shift(employee_id,date,confirmation) VALUES (2,"2022/07/06","N");
INSERT INTO shift(employee_id,date,confirmation) VALUES (2,"2022/07/07","N");
INSERT INTO shift(employee_id,date,confirmation) VALUES (2,"2022/07/08","N");
INSERT INTO shift(employee_id,date,confirmation) VALUES (2,"2022/07/09","N");
INSERT INTO shift(employee_id,date,confirmation) VALUES (2,"2022/07/10","N");
INSERT INTO shift(employee_id,date,confirmation) VALUES (2,"2022/07/11","N");
INSERT INTO shift(employee_id,date,confirmation) VALUES (2,"2022/07/12","N");
INSERT INTO shift(employee_id,date,confirmation) VALUES (2,"2022/07/13","N");
INSERT INTO shift(employee_id,date,confirmation) VALUES (2,"2022/07/14","N");
INSERT INTO shift(employee_id,date,confirmation) VALUES (2,"2022/07/15","N");
INSERT INTO shift(employee_id,date,confirmation) VALUES (2,"2022/07/16","N");
INSERT INTO shift(employee_id,date,confirmation) VALUES (2,"2022/07/17","N");
INSERT INTO shift(employee_id,date,confirmation) VALUES (2,"2022/07/18","N");
INSERT INTO shift(employee_id,date,confirmation) VALUES (2,"2022/07/19","N");
INSERT INTO shift(employee_id,date,confirmation) VALUES (2,"2022/07/20","N");
INSERT INTO shift(employee_id,date,confirmation) VALUES (2,"2022/07/21","N");
INSERT INTO shift(employee_id,date,confirmation) VALUES (2,"2022/07/22","N");
INSERT INTO shift(employee_id,date,confirmation) VALUES (2,"2022/07/23","N");
INSERT INTO shift(employee_id,date,confirmation) VALUES (2,"2022/07/24","N");
INSERT INTO shift(employee_id,date,confirmation) VALUES (2,"2022/07/25","N");
INSERT INTO shift(employee_id,date,confirmation) VALUES (2,"2022/07/26","N");
INSERT INTO shift(employee_id,date,confirmation) VALUES (2,"2022/07/27","N");
INSERT INTO shift(employee_id,date,confirmation) VALUES (2,"2022/07/28","N");
INSERT INTO shift(employee_id,date,confirmation) VALUES (2,"2022/07/29","N");
INSERT INTO shift(employee_id,date,confirmation) VALUES (2,"2022/07/30","N");
INSERT INTO shift(employee_id,date,confirmation) VALUES (2,"2022/07/31","N");
INSERT INTO shift(employee_id,date,confirmation) VALUES (3,"2022/07/01","N");
INSERT INTO shift(employee_id,date,confirmation) VALUES (3,"2022/07/02","N");
INSERT INTO shift(employee_id,date,confirmation) VALUES (3,"2022/07/03","N");
INSERT INTO shift(employee_id,date,confirmation) VALUES (3,"2022/07/04","N");
INSERT INTO shift(employee_id,date,confirmation) VALUES (3,"2022/07/05","N");
INSERT INTO shift(employee_id,date,confirmation) VALUES (3,"2022/07/06","N");
INSERT INTO shift(employee_id,date,confirmation) VALUES (3,"2022/07/07","N");
INSERT INTO shift(employee_id,date,confirmation) VALUES (3,"2022/07/08","N");
INSERT INTO shift(employee_id,date,confirmation) VALUES (3,"2022/07/09","N");
INSERT INTO shift(employee_id,date,confirmation) VALUES (3,"2022/07/10","N");
INSERT INTO shift(employee_id,date,confirmation) VALUES (3,"2022/07/11","N");
INSERT INTO shift(employee_id,date,confirmation) VALUES (3,"2022/07/12","N");
INSERT INTO shift(employee_id,date,confirmation) VALUES (3,"2022/07/13","N");
INSERT INTO shift(employee_id,date,confirmation) VALUES (3,"2022/07/14","N");
INSERT INTO shift(employee_id,date,confirmation) VALUES (3,"2022/07/15","N");
INSERT INTO shift(employee_id,date,confirmation) VALUES (3,"2022/07/16","N");
INSERT INTO shift(employee_id,date,confirmation) VALUES (3,"2022/07/17","N");
INSERT INTO shift(employee_id,date,confirmation) VALUES (3,"2022/07/18","N");
INSERT INTO shift(employee_id,date,confirmation) VALUES (3,"2022/07/19","N");
INSERT INTO shift(employee_id,date,confirmation) VALUES (3,"2022/07/20","N");
INSERT INTO shift(employee_id,date,confirmation) VALUES (3,"2022/07/21","N");
INSERT INTO shift(employee_id,date,confirmation) VALUES (3,"2022/07/22","N");
INSERT INTO shift(employee_id,date,confirmation) VALUES (3,"2022/07/23","N");
INSERT INTO shift(employee_id,date,confirmation) VALUES (3,"2022/07/24","N");
INSERT INTO shift(employee_id,date,confirmation) VALUES (3,"2022/07/25","N");
INSERT INTO shift(employee_id,date,confirmation) VALUES (3,"2022/07/26","N");
INSERT INTO shift(employee_id,date,confirmation) VALUES (3,"2022/07/27","N");
INSERT INTO shift(employee_id,date,confirmation) VALUES (3,"2022/07/28","N");
INSERT INTO shift(employee_id,date,confirmation) VALUES (3,"2022/07/29","N");
INSERT INTO shift(employee_id,date,confirmation) VALUES (3,"2022/07/30","N");
INSERT INTO shift(employee_id,date,confirmation) VALUES (3,"2022/07/31","N");
INSERT INTO shift(employee_id,date,confirmation) VALUES (4,"2022/07/01","N");
INSERT INTO shift(employee_id,date,confirmation) VALUES (4,"2022/07/02","N");
INSERT INTO shift(employee_id,date,confirmation) VALUES (4,"2022/07/03","N");
INSERT INTO shift(employee_id,date,confirmation) VALUES (4,"2022/07/04","N");
INSERT INTO shift(employee_id,date,confirmation) VALUES (4,"2022/07/05","N");
INSERT INTO shift(employee_id,date,confirmation) VALUES (4,"2022/07/06","N");
INSERT INTO shift(employee_id,date,confirmation) VALUES (4,"2022/07/07","N");
INSERT INTO shift(employee_id,date,confirmation) VALUES (4,"2022/07/08","N");
INSERT INTO shift(employee_id,date,confirmation) VALUES (4,"2022/07/09","N");
INSERT INTO shift(employee_id,date,confirmation) VALUES (4,"2022/07/10","N");
INSERT INTO shift(employee_id,date,confirmation) VALUES (4,"2022/07/11","N");
INSERT INTO shift(employee_id,date,confirmation) VALUES (4,"2022/07/12","N");
INSERT INTO shift(employee_id,date,confirmation) VALUES (4,"2022/07/13","N");
INSERT INTO shift(employee_id,date,confirmation) VALUES (4,"2022/07/14","N");
INSERT INTO shift(employee_id,date,confirmation) VALUES (4,"2022/07/15","N");
INSERT INTO shift(employee_id,date,confirmation) VALUES (4,"2022/07/16","N");
INSERT INTO shift(employee_id,date,confirmation) VALUES (4,"2022/07/17","N");
INSERT INTO shift(employee_id,date,confirmation) VALUES (4,"2022/07/18","N");
INSERT INTO shift(employee_id,date,confirmation) VALUES (4,"2022/07/19","N");
INSERT INTO shift(employee_id,date,confirmation) VALUES (4,"2022/07/20","N");
INSERT INTO shift(employee_id,date,confirmation) VALUES (4,"2022/07/21","N");
INSERT INTO shift(employee_id,date,confirmation) VALUES (4,"2022/07/22","N");
INSERT INTO shift(employee_id,date,confirmation) VALUES (4,"2022/07/23","N");
INSERT INTO shift(employee_id,date,confirmation) VALUES (4,"2022/07/24","N");
INSERT INTO shift(employee_id,date,confirmation) VALUES (4,"2022/07/25","N");
INSERT INTO shift(employee_id,date,confirmation) VALUES (4,"2022/07/26","N");
INSERT INTO shift(employee_id,date,confirmation) VALUES (4,"2022/07/27","N");
INSERT INTO shift(employee_id,date,confirmation) VALUES (4,"2022/07/28","N");
INSERT INTO shift(employee_id,date,confirmation) VALUES (4,"2022/07/29","N");
INSERT INTO shift(employee_id,date,confirmation) VALUES (4,"2022/07/30","N");
INSERT INTO shift(employee_id,date,confirmation) VALUES (4,"2022/07/31","N");
INSERT INTO shift(employee_id,date,confirmation) VALUES (5,"2022/07/01","N");
INSERT INTO shift(employee_id,date,confirmation) VALUES (5,"2022/07/02","N");
INSERT INTO shift(employee_id,date,confirmation) VALUES (5,"2022/07/03","N");
INSERT INTO shift(employee_id,date,confirmation) VALUES (5,"2022/07/04","N");
INSERT INTO shift(employee_id,date,confirmation) VALUES (5,"2022/07/05","N");
INSERT INTO shift(employee_id,date,confirmation) VALUES (5,"2022/07/06","N");
INSERT INTO shift(employee_id,date,confirmation) VALUES (5,"2022/07/07","N");
INSERT INTO shift(employee_id,date,confirmation) VALUES (5,"2022/07/08","N");
INSERT INTO shift(employee_id,date,confirmation) VALUES (5,"2022/07/09","N");
INSERT INTO shift(employee_id,date,confirmation) VALUES (5,"2022/07/10","N");
INSERT INTO shift(employee_id,date,confirmation) VALUES (5,"2022/07/11","N");
INSERT INTO shift(employee_id,date,confirmation) VALUES (5,"2022/07/12","N");
INSERT INTO shift(employee_id,date,confirmation) VALUES (5,"2022/07/13","N");
INSERT INTO shift(employee_id,date,confirmation) VALUES (5,"2022/07/14","N");
INSERT INTO shift(employee_id,date,confirmation) VALUES (5,"2022/07/15","N");
INSERT INTO shift(employee_id,date,confirmation) VALUES (5,"2022/07/16","N");
INSERT INTO shift(employee_id,date,confirmation) VALUES (5,"2022/07/17","N");
INSERT INTO shift(employee_id,date,confirmation) VALUES (5,"2022/07/18","N");
INSERT INTO shift(employee_id,date,confirmation) VALUES (5,"2022/07/19","N");
INSERT INTO shift(employee_id,date,confirmation) VALUES (5,"2022/07/20","N");
INSERT INTO shift(employee_id,date,confirmation) VALUES (5,"2022/07/21","N");
INSERT INTO shift(employee_id,date,confirmation) VALUES (5,"2022/07/22","N");
INSERT INTO shift(employee_id,date,confirmation) VALUES (5,"2022/07/23","N");
INSERT INTO shift(employee_id,date,confirmation) VALUES (5,"2022/07/24","N");
INSERT INTO shift(employee_id,date,confirmation) VALUES (5,"2022/07/25","N");
INSERT INTO shift(employee_id,date,confirmation) VALUES (5,"2022/07/26","N");
INSERT INTO shift(employee_id,date,confirmation) VALUES (5,"2022/07/27","N");
INSERT INTO shift(employee_id,date,confirmation) VALUES (5,"2022/07/28","N");
INSERT INTO shift(employee_id,date,confirmation) VALUES (5,"2022/07/29","N");
INSERT INTO shift(employee_id,date,confirmation) VALUES (5,"2022/07/30","N");
INSERT INTO shift(employee_id,date,confirmation) VALUES (5,"2022/07/31","N");
INSERT INTO shift(employee_id,date,confirmation) VALUES (6,"2022/07/01","N");
INSERT INTO shift(employee_id,date,confirmation) VALUES (6,"2022/07/02","N");
INSERT INTO shift(employee_id,date,confirmation) VALUES (6,"2022/07/03","N");
INSERT INTO shift(employee_id,date,confirmation) VALUES (6,"2022/07/04","N");
INSERT INTO shift(employee_id,date,confirmation) VALUES (6,"2022/07/05","N");
INSERT INTO shift(employee_id,date,confirmation) VALUES (6,"2022/07/06","N");
INSERT INTO shift(employee_id,date,confirmation) VALUES (6,"2022/07/07","N");
INSERT INTO shift(employee_id,date,confirmation) VALUES (6,"2022/07/08","N");
INSERT INTO shift(employee_id,date,confirmation) VALUES (6,"2022/07/09","N");
INSERT INTO shift(employee_id,date,confirmation) VALUES (6,"2022/07/10","N");
INSERT INTO shift(employee_id,date,confirmation) VALUES (6,"2022/07/11","N");
INSERT INTO shift(employee_id,date,confirmation) VALUES (6,"2022/07/12","N");
INSERT INTO shift(employee_id,date,confirmation) VALUES (6,"2022/07/13","N");
INSERT INTO shift(employee_id,date,confirmation) VALUES (6,"2022/07/14","N");
INSERT INTO shift(employee_id,date,confirmation) VALUES (6,"2022/07/15","N");
INSERT INTO shift(employee_id,date,confirmation) VALUES (6,"2022/07/16","N");
INSERT INTO shift(employee_id,date,confirmation) VALUES (6,"2022/07/17","N");
INSERT INTO shift(employee_id,date,confirmation) VALUES (6,"2022/07/18","N");
INSERT INTO shift(employee_id,date,confirmation) VALUES (6,"2022/07/19","N");
INSERT INTO shift(employee_id,date,confirmation) VALUES (6,"2022/07/20","N");
INSERT INTO shift(employee_id,date,confirmation) VALUES (6,"2022/07/21","N");
INSERT INTO shift(employee_id,date,confirmation) VALUES (6,"2022/07/22","N");
INSERT INTO shift(employee_id,date,confirmation) VALUES (6,"2022/07/23","N");
INSERT INTO shift(employee_id,date,confirmation) VALUES (6,"2022/07/24","N");
INSERT INTO shift(employee_id,date,confirmation) VALUES (6,"2022/07/25","N");
INSERT INTO shift(employee_id,date,confirmation) VALUES (6,"2022/07/26","N");
INSERT INTO shift(employee_id,date,confirmation) VALUES (6,"2022/07/27","N");
INSERT INTO shift(employee_id,date,confirmation) VALUES (6,"2022/07/28","N");
INSERT INTO shift(employee_id,date,confirmation) VALUES (6,"2022/07/29","N");
INSERT INTO shift(employee_id,date,confirmation) VALUES (6,"2022/07/30","N");
INSERT INTO shift(employee_id,date,confirmation) VALUES (6,"2022/07/31","N");
INSERT INTO shift(employee_id,date,confirmation) VALUES (7,"2022/07/01","N");
INSERT INTO shift(employee_id,date,confirmation) VALUES (7,"2022/07/02","N");
INSERT INTO shift(employee_id,date,confirmation) VALUES (7,"2022/07/03","N");
INSERT INTO shift(employee_id,date,confirmation) VALUES (7,"2022/07/04","N");
INSERT INTO shift(employee_id,date,confirmation) VALUES (7,"2022/07/05","N");
INSERT INTO shift(employee_id,date,confirmation) VALUES (7,"2022/07/06","N");
INSERT INTO shift(employee_id,date,confirmation) VALUES (7,"2022/07/07","N");
INSERT INTO shift(employee_id,date,confirmation) VALUES (7,"2022/07/08","N");
INSERT INTO shift(employee_id,date,confirmation) VALUES (7,"2022/07/09","N");
INSERT INTO shift(employee_id,date,confirmation) VALUES (7,"2022/07/10","N");
INSERT INTO shift(employee_id,date,confirmation) VALUES (7,"2022/07/11","N");
INSERT INTO shift(employee_id,date,confirmation) VALUES (7,"2022/07/12","N");
INSERT INTO shift(employee_id,date,confirmation) VALUES (7,"2022/07/13","N");
INSERT INTO shift(employee_id,date,confirmation) VALUES (7,"2022/07/14","N");
INSERT INTO shift(employee_id,date,confirmation) VALUES (7,"2022/07/15","N");
INSERT INTO shift(employee_id,date,confirmation) VALUES (7,"2022/07/16","N");
INSERT INTO shift(employee_id,date,confirmation) VALUES (7,"2022/07/17","N");
INSERT INTO shift(employee_id,date,confirmation) VALUES (7,"2022/07/18","N");
INSERT INTO shift(employee_id,date,confirmation) VALUES (7,"2022/07/19","N");
INSERT INTO shift(employee_id,date,confirmation) VALUES (7,"2022/07/20","N");
INSERT INTO shift(employee_id,date,confirmation) VALUES (7,"2022/07/21","N");
INSERT INTO shift(employee_id,date,confirmation) VALUES (7,"2022/07/22","N");
INSERT INTO shift(employee_id,date,confirmation) VALUES (7,"2022/07/23","N");
INSERT INTO shift(employee_id,date,confirmation) VALUES (7,"2022/07/24","N");
INSERT INTO shift(employee_id,date,confirmation) VALUES (7,"2022/07/25","N");
INSERT INTO shift(employee_id,date,confirmation) VALUES (7,"2022/07/26","N");
INSERT INTO shift(employee_id,date,confirmation) VALUES (7,"2022/07/27","N");
INSERT INTO shift(employee_id,date,confirmation) VALUES (7,"2022/07/28","N");
INSERT INTO shift(employee_id,date,confirmation) VALUES (7,"2022/07/29","N");
INSERT INTO shift(employee_id,date,confirmation) VALUES (7,"2022/07/30","N");
INSERT INTO shift(employee_id,date,confirmation) VALUES (7,"2022/07/31","N");
INSERT INTO shift(employee_id,date,confirmation) VALUES (8,"2022/07/01","N");
INSERT INTO shift(employee_id,date,confirmation) VALUES (8,"2022/07/02","N");
INSERT INTO shift(employee_id,date,confirmation) VALUES (8,"2022/07/03","N");
INSERT INTO shift(employee_id,date,confirmation) VALUES (8,"2022/07/04","N");
INSERT INTO shift(employee_id,date,confirmation) VALUES (8,"2022/07/05","N");
INSERT INTO shift(employee_id,date,confirmation) VALUES (8,"2022/07/06","N");
INSERT INTO shift(employee_id,date,confirmation) VALUES (8,"2022/07/07","N");
INSERT INTO shift(employee_id,date,confirmation) VALUES (8,"2022/07/08","N");
INSERT INTO shift(employee_id,date,confirmation) VALUES (8,"2022/07/09","N");
INSERT INTO shift(employee_id,date,confirmation) VALUES (8,"2022/07/10","N");
INSERT INTO shift(employee_id,date,confirmation) VALUES (8,"2022/07/11","N");
INSERT INTO shift(employee_id,date,confirmation) VALUES (8,"2022/07/12","N");
INSERT INTO shift(employee_id,date,confirmation) VALUES (8,"2022/07/13","N");
INSERT INTO shift(employee_id,date,confirmation) VALUES (8,"2022/07/14","N");
INSERT INTO shift(employee_id,date,confirmation) VALUES (8,"2022/07/15","N");
INSERT INTO shift(employee_id,date,confirmation) VALUES (8,"2022/07/16","N");
INSERT INTO shift(employee_id,date,confirmation) VALUES (8,"2022/07/17","N");
INSERT INTO shift(employee_id,date,confirmation) VALUES (8,"2022/07/18","N");
INSERT INTO shift(employee_id,date,confirmation) VALUES (8,"2022/07/19","N");
INSERT INTO shift(employee_id,date,confirmation) VALUES (8,"2022/07/20","N");
INSERT INTO shift(employee_id,date,confirmation) VALUES (8,"2022/07/21","N");
INSERT INTO shift(employee_id,date,confirmation) VALUES (8,"2022/07/22","N");
INSERT INTO shift(employee_id,date,confirmation) VALUES (8,"2022/07/23","N");
INSERT INTO shift(employee_id,date,confirmation) VALUES (8,"2022/07/24","N");
INSERT INTO shift(employee_id,date,confirmation) VALUES (8,"2022/07/25","N");
INSERT INTO shift(employee_id,date,confirmation) VALUES (8,"2022/07/26","N");
INSERT INTO shift(employee_id,date,confirmation) VALUES (8,"2022/07/27","N");
INSERT INTO shift(employee_id,date,confirmation) VALUES (8,"2022/07/28","N");
INSERT INTO shift(employee_id,date,confirmation) VALUES (8,"2022/07/29","N");
INSERT INTO shift(employee_id,date,confirmation) VALUES (8,"2022/07/30","N");
INSERT INTO shift(employee_id,date,confirmation) VALUES (8,"2022/07/31","N");
INSERT INTO shift(employee_id,date,confirmation) VALUES (9,"2022/07/01","N");
INSERT INTO shift(employee_id,date,confirmation) VALUES (9,"2022/07/02","N");
INSERT INTO shift(employee_id,date,confirmation) VALUES (9,"2022/07/03","N");
INSERT INTO shift(employee_id,date,confirmation) VALUES (9,"2022/07/04","N");
INSERT INTO shift(employee_id,date,confirmation) VALUES (9,"2022/07/05","N");
INSERT INTO shift(employee_id,date,confirmation) VALUES (9,"2022/07/06","N");
INSERT INTO shift(employee_id,date,confirmation) VALUES (9,"2022/07/07","N");
INSERT INTO shift(employee_id,date,confirmation) VALUES (9,"2022/07/08","N");
INSERT INTO shift(employee_id,date,confirmation) VALUES (9,"2022/07/09","N");
INSERT INTO shift(employee_id,date,confirmation) VALUES (9,"2022/07/10","N");
INSERT INTO shift(employee_id,date,confirmation) VALUES (9,"2022/07/11","N");
INSERT INTO shift(employee_id,date,confirmation) VALUES (9,"2022/07/12","N");
INSERT INTO shift(employee_id,date,confirmation) VALUES (9,"2022/07/13","N");
INSERT INTO shift(employee_id,date,confirmation) VALUES (9,"2022/07/14","N");
INSERT INTO shift(employee_id,date,confirmation) VALUES (9,"2022/07/15","N");
INSERT INTO shift(employee_id,date,confirmation) VALUES (9,"2022/07/16","N");
INSERT INTO shift(employee_id,date,confirmation) VALUES (9,"2022/07/17","N");
INSERT INTO shift(employee_id,date,confirmation) VALUES (9,"2022/07/18","N");
INSERT INTO shift(employee_id,date,confirmation) VALUES (9,"2022/07/19","N");
INSERT INTO shift(employee_id,date,confirmation) VALUES (9,"2022/07/20","N");
INSERT INTO shift(employee_id,date,confirmation) VALUES (9,"2022/07/21","N");
INSERT INTO shift(employee_id,date,confirmation) VALUES (9,"2022/07/22","N");
INSERT INTO shift(employee_id,date,confirmation) VALUES (9,"2022/07/23","N");
INSERT INTO shift(employee_id,date,confirmation) VALUES (9,"2022/07/24","N");
INSERT INTO shift(employee_id,date,confirmation) VALUES (9,"2022/07/25","N");
INSERT INTO shift(employee_id,date,confirmation) VALUES (9,"2022/07/26","N");
INSERT INTO shift(employee_id,date,confirmation) VALUES (9,"2022/07/27","N");
INSERT INTO shift(employee_id,date,confirmation) VALUES (9,"2022/07/28","N");
INSERT INTO shift(employee_id,date,confirmation) VALUES (9,"2022/07/29","N");
INSERT INTO shift(employee_id,date,confirmation) VALUES (9,"2022/07/30","N");
INSERT INTO shift(employee_id,date,confirmation) VALUES (9,"2022/07/31","N");
INSERT INTO shift(employee_id,date,confirmation) VALUES (10,"2022/07/01","N");
INSERT INTO shift(employee_id,date,confirmation) VALUES (10,"2022/07/02","N");
INSERT INTO shift(employee_id,date,confirmation) VALUES (10,"2022/07/03","N");
INSERT INTO shift(employee_id,date,confirmation) VALUES (10,"2022/07/04","N");
INSERT INTO shift(employee_id,date,confirmation) VALUES (10,"2022/07/05","N");
INSERT INTO shift(employee_id,date,confirmation) VALUES (10,"2022/07/06","N");
INSERT INTO shift(employee_id,date,confirmation) VALUES (10,"2022/07/07","N");
INSERT INTO shift(employee_id,date,confirmation) VALUES (10,"2022/07/08","N");
INSERT INTO shift(employee_id,date,confirmation) VALUES (10,"2022/07/09","N");
INSERT INTO shift(employee_id,date,confirmation) VALUES (10,"2022/07/10","N");
INSERT INTO shift(employee_id,date,confirmation) VALUES (10,"2022/07/11","N");
INSERT INTO shift(employee_id,date,confirmation) VALUES (10,"2022/07/12","N");
INSERT INTO shift(employee_id,date,confirmation) VALUES (10,"2022/07/13","N");
INSERT INTO shift(employee_id,date,confirmation) VALUES (10,"2022/07/14","N");
INSERT INTO shift(employee_id,date,confirmation) VALUES (10,"2022/07/15","N");
INSERT INTO shift(employee_id,date,confirmation) VALUES (10,"2022/07/16","N");
INSERT INTO shift(employee_id,date,confirmation) VALUES (10,"2022/07/17","N");
INSERT INTO shift(employee_id,date,confirmation) VALUES (10,"2022/07/18","N");
INSERT INTO shift(employee_id,date,confirmation) VALUES (10,"2022/07/19","N");
INSERT INTO shift(employee_id,date,confirmation) VALUES (10,"2022/07/20","N");
INSERT INTO shift(employee_id,date,confirmation) VALUES (10,"2022/07/21","N");
INSERT INTO shift(employee_id,date,confirmation) VALUES (10,"2022/07/22","N");
INSERT INTO shift(employee_id,date,confirmation) VALUES (10,"2022/07/23","N");
INSERT INTO shift(employee_id,date,confirmation) VALUES (10,"2022/07/24","N");
INSERT INTO shift(employee_id,date,confirmation) VALUES (10,"2022/07/25","N");
INSERT INTO shift(employee_id,date,confirmation) VALUES (10,"2022/07/26","N");
INSERT INTO shift(employee_id,date,confirmation) VALUES (10,"2022/07/27","N");
INSERT INTO shift(employee_id,date,confirmation) VALUES (10,"2022/07/28","N");
INSERT INTO shift(employee_id,date,confirmation) VALUES (10,"2022/07/29","N");
INSERT INTO shift(employee_id,date,confirmation) VALUES (10,"2022/07/30","N");
INSERT INTO shift(employee_id,date,confirmation) VALUES (10,"2022/07/31","N");